id,organization_id,title,description,priority,services,labels,flags,created_at,updated_at
TICKET-10001,org_0006,"Пользователь удалён из организации, но всё ещё видит проекты","Уволенный сотрудник (a.sidorov@example.ru) удалён из организации 3 числа, но по его словам он до сих пор заходит в консоль и видит список проектов, правда открыть ничего не может. Выглядит как незакрытая сессия. Как принудительно завершить все его сессии?",high,"access-control,auth,console-ui",offboarding;безопасность,escalated,2025-06-10T08:34:26+03:00,2025-06-14T11:02:26+03:00
TICKET-10002,org_0028,"Не проходит оплата картой, деньги списались дважды","Пытался оплатить счёт за июль, первый раз платёж отклонился, попробовал ещё раз — прошёл. Но по выписке видно два списания по 24 800 ₽. Карта 4111 11** **** 1111, время операций 14:02 и 14:06. Верните, пожалуйста, лишнее, и скажите, нужно ли что-то делать с моей стороны.",high,billing,оплата;возврат,escalated,2025-06-10T09:00:12+03:00,2025-06-20T05:00:12+03:00
TICKET-10003,org_0008,"В консоли не открывается вкладка «Пользователи», бесконечная загрузка","Вкладка Пользователи крутит спиннер и ничего не показывает. В сетевой панели браузера видно, что запрос /api/v1/org/members висит 60 секунд и отваливается по таймауту 504. У нас в организации около 400 пользователей, может дело в этом. Остальные разделы открываются нормально.",normal,"console-ui,access-control,api-gateway",ui;таймаут,,2025-06-10T16:39:15+03:00,2025-06-10T19:19:15+03:00
TICKET-10004,org_0004,Не работает выгрузка счетов в 1С,"Интеграция с 1С перестала подтягивать счета: в журнале обмена ""ошибка авторизации"", хотя логин и пароль не менялись. Возможно, истёк токен интеграции — где его посмотреть и продлить?",normal,"integrations,billing,auth",1c,,2025-06-12T10:42:34+03:00,2025-06-27T15:42:34+03:00
TICKET-10005,org_0001,Счёт пришёл на почту уволившегося сотрудника,"Счета уходят на почту p.orlov@example.ru, человек уволился полгода назад, ящик заблокирован. Из-за этого мы дважды пропустили оплату. Поменяйте, пожалуйста, адрес для финансовых уведомлений на buh@example.ru. В настройках профиля я такого поля не нашёл.",normal,"billing,notifications",,,2025-06-13T12:45:17+03:00,2025-06-13T15:55:17+03:00
TICKET-10006,org_0033,Managed Postgres failover took 11 minutes,"Our HA cluster failed over on 3 July at 04:12 UTC. The promotion itself seems to have been quick but the connection endpoint kept pointing at the old primary for about 11 minutes, so we were effectively down. The docs advertise under 60 seconds. Cluster: pg-ha-eu, plan Business.",high,"managed-postgres,networking,dns",failover;ha,escalated;sla_breach,2025-06-16T14:50:32+00:00,2025-06-18T17:32:32+00:00
TICKET-10007,org_0031,Can we get metrics via a Prometheus-compatible endpoint?,We already run Grafana and would prefer to pull your platform metrics into it rather than maintain two dashboards. Is there a remote-read or /metrics endpoint with an API key?,low,"monitoring,integrations,api-gateway",prometheus;question,,2025-06-16T19:33:15+02:00,2025-06-18T10:18:15+02:00
TICKET-10008,org_0002,Не удаляется ресурс через terraform destroy,"terraform destroy зависает на удалении инстанса базы и через 30 минут падает по таймауту. В консоли инстанс в этот момент в статусе Deleting и в итоге удаляется, но состояние в стейте остаётся. Приходится чистить руками через state rm.",normal,"terraform-provider,managed-postgres",terraform,,2025-06-17T12:45:32+03:00,2025-06-19T15:08:32+03:00
TICKET-10009,org_0002,Приглашение в организацию не доходит до сотрудника,"Отправляю приглашение на почту n.kuznetsova@example.ru, в списке оно висит как «отправлено», но человек ничего не получает, спам проверяли. Повторная отправка не помогает. На gmail-адрес того же человека приглашение дошло за минуту, так что похоже на проблему доставки на их домен.",normal,"notifications,access-control",инвайты,,2025-06-17T14:28:21+03:00,2025-06-30T18:28:21+03:00
TICKET-10010,org_0031,Data corruption: downloaded file checksum does not match upload,"We uploaded a 12 GB archive, ETag matched our md5 at upload time. On download the file is 12 GB but the md5 differs and tar fails to extract. Re-downloading gives the same wrong checksum, so it is not a transfer glitch. Object key: backups/2026-05-03/full.tar.gz. This is a restore path, so it is serious for us.",high,"object-storage,backups",corruption,escalated;vip,2025-06-18T08:01:43+02:00,2025-06-23T14:01:43+02:00
TICKET-10011,org_0030,Upgrade to the Business plan did not change our limits,"We upgraded from Team to Business two days ago, the invoice reflects the new price, but the API still enforces the Team rate limit of 60 req/min and we cannot create more than 5 projects. Do we need to do something to apply the plan, or is this a sync issue on your side?",normal,"subscriptions,billing,api-gateway",plan;limits,,2025-06-19T12:24:49+00:00,2025-07-07T17:24:49+00:00
TICKET-10012,org_0019,"403 Forbidden по API-ключу, хотя ключ активный","Наш интеграционный сервис получает 403 с телом {""error"":""forbidden"",""reason"":""key_scope""} при вызове GET /v1/buckets. Ключ создан на прошлой неделе, в консоли активен, скоупы выставлены на чтение хранилища. Что ещё проверить?",normal,"api-gateway,auth,object-storage,access-control",403;api-key,,2025-06-21T09:15:52+03:00,2025-06-22T11:31:52+03:00
TICKET-10013,org_0001,Просьба удалить наши данные после расторжения,"Мы расторгаем договор с 1 числа. Просим подтвердить удаление всех наших данных, включая бэкапы и логи, и прислать акт об уничтожении. Ответственный: k.zaytsev@example.ru.   ",normal,,compliance,,2025-06-24T11:34:49+03:00,2025-06-24T14:39:49+03:00
TICKET-10017,org_0025,Кэш CDN не сбрасывается после инвалидции,"Запросили инвалидацию /assets/* два часа назад, статус ""завершено"", но по-прежнему отдаётся старая версия файла с прошлым хешем — https://cdn.example.ru/assets/app.9f21.js?v=2. Проверял с трёх разных сетей и через curl с Cache-Control: no-cache. У нас релиз висит.",high,"cdn,console-ui",инвалидация,escalated,2025-06-26T18:05:29+03:00,2025-07-01T22:59:29+03:00
TICKET-10018,org_0015,Просим увеличить квоту на количество API-ключей,"Упёрлись в лимит 20 ключей на организацию. У нас много сервисов и мы хотим отдельный ключ на каждый, чтобы не мешать их ротацию. Можно поднять хотя бы до 100?",normal,"api-gateway,access-control,subscriptions",квоты,,2025-06-27T10:20:18+03:00,2025-06-27T13:41:18+03:00
TICKET-10023,org_0030,"Unexpected egress charge of $1,840 in one day","Yesterday's usage shows 4.6 TB of egress from bucket prod-media, which is about 40x our normal daily traffic. We suspect either a misconfigured CDN origin pull or someone scraping a public bucket. Can you help identify the source IPs? We have already made the bucket private.",high,"billing,object-storage,cdn",egress,escalated,2025-06-30T16:05:24+00:00,2025-07-07T16:22:24+00:00
TICKET-10024,org_0001,Log search returns results only for the last 24 hours,"Our retention is 30 days according to the plan, but any query with a range wider than a day returns nothing (not an error, just an empty result). Narrow ranges within the last day work. Query: service:""checkout"" AND level:""error"".",normal,"logging,subscriptions",retention;search,,2025-07-01T14:26:56+03:00,2025-07-10T21:26:56+03:00
TICKET-10025,org_0002,Ошибка 502 при открытии раздела логов,"Раздел Логи не открывается, 502 от вашего бэкенда. Остальные разделы работают. Воспроизводится у двоих. request_id: req_c19b70aa.",normal,,,,2025-07-02T16:31:43+03:00,2025-07-02T16:49:43+03:00
TICKET-10026,org_0011,Ошибка при импорте через API: 413 Payload Too Large,"Заливаем справочник батчами по 5000 записей, около 8 МБ на запрос — прилетает 413. В доке лимит указан 10 МБ. Пришлось уменьшить батч до 2000, но импорт стал идти 6 часов вместо полутора. Какой лимит на самом деле?",normal,api-gateway,413;лимиты,,2025-07-05T10:30:19+03:00,2025-07-05T23:16:19+03:00
TICKET-10027,org_0019,"403 Forbidden по API-ключу, хотя ключ активный","Наш интеграционный сервис получает 403 с телом {""error"":""forbidden"",""reason"":""key_scope""} при вызове GET /v1/buckets. Ключ создан на прошлой неделе, в консоли активен, скоупы выставлены на чтение хранилища. Что ещё проверить? Ключ пересоздавали после ротации, не помогло.",normal,"api-gateway,auth,access-control",403;api-key,reopened,2025-07-07T05:24:52+03:00,2025-07-12T12:39:52+03:00
TICKET-10028,org_0016,После обновления агента выросло потребление памяти,"Обновили агент до 2.5.0 — RSS процесса вырос со 120 МБ до 900 МБ на машинах с большим количеством контейнеров. На маленьких машинах это критично, одна из них уже словила OOM. Откатились на 2.4.1, пока так.",normal,"monitoring,compute",агент;memory,escalated,2025-07-07T16:16:42+03:00,2025-07-11T09:25:42+03:00
TICKET-10035,org_0018,вопрос по ролям,чем отличается роль Администратор проекта от Администратора организации? в доке написано примерно одно и то же,low,access-control,вопрос,,2025-07-08T07:47:33+03:00,2025-07-08T09:24:33+03:00
TICKET-10036,org_0038,help pls,nothing loads. it worked yesterday. urgent,normal,,,,2025-07-09T10:47:24+08:00,2025-07-09T12:06:24+08:00
TICKET-10037,org_0004,не работает,"ничего не работает, вчера всё было нормально. помогите пожалуйста",normal,,,,2025-07-09T09:47:31+03:00,2025-07-10T17:39:31+03:00
TICKET-10038,org_0019,Ошибка при создании правила фаервола через API,"POST /v1/firewall/rules возвращает 400 с текстом ""invalid cidr"", хотя передаём 10.0.0.0/8. Через консоль такое же правило создаётся нормально. Возможно, API ждёт другой формат поля.",normal,"networking,api-gateway,api-gateway",firewall,,2025-07-09T11:15:15+03:00,2025-07-10T19:01:15+03:00
TICKET-10039,org_0010,ПРОПАЛИ ФАЙЛЫ ИЗ БАКЕТА,"из бакета client-docs пропало около 3000 файлов за 2024 год. никто их не удалял, версионирование выключено, логов доступа у нас нет. это документы клиентов, нам их восстанавливать нечем. срочно нужна помощь и информация о том что произошло. ответственный за архив мария белова m.belova@example.ru тел +7 900 000-24-19",high,"object-storage,logging,access-control",потеря данных,escalated;vip,2025-07-10T08:05:25+03:00,2025-07-14T05:00:25+03:00
TICKET-10042,org_0013,"В API отдаётся 200, но тело пустое","Запрос POST /v1/tickets возвращает 200 OK с пустым телом примерно в одном случае из тридцати. Ожидаем JSON с id созданного объекта. Из-за этого мы не знаем, создался объект или нет, и делаем повторный запрос — иногда получаются дубли.",normal,api-gateway,,,2025-07-10T18:36:21+03:00,2025-07-12T21:47:21+03:00
TICKET-10043,org_0001,После обновления браузера консоль постоянно разлогинивает,"После апдейта Chrome до 138 версии консоль выкидывает на логин каждые несколько минут. В приватном окне то же самое. Подозреваю что-то с cookie SameSite, потому что у нас консоль открывается из внутреннего портала через iframe.",high,"console-ui,auth",cookie,,2025-07-14T11:17:41+03:00,2025-07-15T04:12:41+03:00
TICKET-10049,org_0017,"Compute instance stuck in ""Stopping"" for 6 hours","Instance i-77c1de has been in the Stopping state since 03:00. We cannot stop, start or delete it, and it is still being billed. The console just shows a spinner. Force-stop from the API returns 409 conflict.",high,"compute,billing,console-ui,api-gateway",stuck,escalated,2025-07-15T11:41:08+03:00,2025-08-04T14:41:08+03:00
TICKET-10050,org_0006,"Почему списалось больше, чем в прошлом месяце?","В прошлом месяце было 43 тысячи, в этом 71. Ресурсы вроде не добавляли. Можно расшифровку, за что именно выросло? В детализации вижу большую строку «Хранилище», но объём данных у нас примерно тот же.",normal,"billing,object-storage",детализация,,2025-07-16T13:10:39+03:00,2025-07-16T13:10:39+03:00
TICKET-10051,org_0004,"Файлы в бакете видны, но не открываются из браузера","По ссылке из консоли файл скачивается, а если вставить ту же ссылку в браузер в новой вкладке — 403. Разные люди в команде видят по-разному. Возможно, дело в том, что ссылка подписанная и в неё попадает токен сессии?",normal,"object-storage,console-ui",,,2025-07-22T08:45:16+03:00,2025-07-22T10:45:16+03:00
TICKET-10052,org_0030,Балансировщик считает здоровые бэкенды нездоровыми,"Health check настроен на GET /healthz, наш сервис отвечает 200 за 3 мс, проверял curl-ом с соседней машины. Балансировщик при этом помечает оба бэкенда как unhealthy и отдаёт 503. Таймаут проверки 5 секунд, интервал 10.",normal,"networking,compute",healthcheck,escalated,2025-07-22T22:19:10+00:00,2025-08-06T17:19:10+00:00
TICKET-10053,org_0002,Не отображается статус интеграции в консоли,"Интеграция с нашей CRM работает — данные ходят, — но в консоли она показана как ""Не подключена"", красным. Из-за этого сложно понять, что реально сломано, а что нет. Похоже на баг отображения статуса.",normal,"console-ui,integrations",,,2025-07-25T11:45:35+03:00,2025-07-25T14:59:35+03:00
TICKET-10054,org_0042,Invoice PDF has the wrong VAT number,"The VAT id on our invoices is one digit off (ends 41 instead of 14). The value in the console billing settings is correct, so it looks like the PDF template caches an older value. Invoices affected: INV-2026-0501 and INV-2026-0533.",normal,,invoice,,2025-07-25T10:47:13+02:00,2025-07-25T13:15:13+02:00
TICKET-10055,org_0005,Не могу войти в консоль — пишет «неверный логин или пароль»,"Со вчерашнего вечера не получается зайти в панель под учёткой i.petrova@example.ru. Пароль точно верный, меняла его на прошлой неделе и записала. Коллега с такой же ролью заходит нормально. Сброс пароля запрашивала дважды — письма нет ни во входящих, ни в спаме.",high,"auth,notifications,console-ui",вход;пароль,,2025-07-29T10:43:51+03:00,2025-08-08T17:43:51+03:00
TICKET-10056,org_0025,В логах не видно запросов от балансировщика,"В логах приложения есть только внутренние адреса, реальный IP клиента не проходит. X-Forwarded-For балансировщик, судя по всему, не проставляет, либо мы неправильно читаем. Нужен реальный адрес для антифрода.",normal,"networking,logging",xff,,2025-07-31T18:36:32+03:00,2025-07-31T18:36:32+03:00
TICKET-10057,org_0019,403 key_scope третий раз за месяц,"Повторяется та же проблема: новый ключ, скоупы storage:read, ответ 403 forbidden reason key_scope. Скрипт ротации у нас автоматический, каждый раз после него ломается прод-интеграция. Нужно понять первопричину, а не обходной путь.",high,"api-gateway,auth,access-control",403;api-key,reopened;escalated,2025-08-01T08:52:52+03:00,2025-08-04T14:52:52+03:00
TICKET-10058,org_0001,Не приходит письмо для подтверждения почты при регистрации,"Регистрирую нового пользователя на s.volkova@example.ru, письмо с подтверждением не приходит уже полчаса. На другой домен приходит сразу. Проверьте, пожалуйста, не в блок-листе ли наш домен.",normal,,,,2025-08-04T10:19:38+03:00,2025-08-05T02:41:38+03:00
TICKET-10059,org_0002,[ALERT] disk_free < 10% on db-01,"Alert: disk_free
Severity: critical
Resource: db-01 (i-55ba20)
Current value: 6.2%
Threshold: < 10%
Fired at: 2026-05-19T01:02:11Z
Rule: rule_8014
Runbook: https://docs.example.com/runbooks/low-disk
--
This ticket was created automatically by the monitoring integration. Do not reply to this message; replies to this address are not read. To acknowledge the alert, open the monitoring section of the console and press Acknowledge on the alert card. To stop receiving tickets for this rule, change the rule notification channel from ""Create support ticket"" to ""Email"" or ""Webhook"". If the alert is a false positive, adjust the threshold in the rule editor instead of muting the rule permanently. Alert history for this rule is available in the console for 90 days.",high,"monitoring,compute",auto;alert,,2025-08-05T16:34:43+03:00,2025-08-05T19:48:43+03:00
TICKET-10060,org_0028,Хотим перейти на постоплату по договору,"Сейчас платим картой по предоплате. Объёмы выросли, хотим перейти на договор с постоплатой и оплатой по счёту раз в месяц. Что для этого нужно, какие документы, есть ли минимальный оборот? Реквизиты вышлю по запросу.",normal,"billing,subscriptions",договор,,2025-08-07T13:34:23+03:00,2025-08-18T16:34:23+03:00
TICKET-10061,org_0022,Sudden latency increase between our services after your maintenance,"Following the maintenance notice for zone b on 12 June, p99 latency between our API and the database went from 4 ms to 55 ms and has stayed there. Nothing changed on our side; we did not move any workload. Could something have been rescheduled onto different hardware?",high,"networking,compute",latency,escalated,2025-08-07T20:39:37+07:00,2025-08-12T23:32:37+07:00
TICKET-10064,org_0011,"Где посмотреть, какие права даёт роль","В выпадающем списке ролей только названия. Есть ли страница или метод API, где виден конкретный набор прав для каждой встроенной роли? Нужно приложить к отчёту для аудита ISO, своими словами описывать не хочется.",low,"access-control,console-ui,api-gateway",аудит;вопрос,,2025-08-08T15:28:00+03:00,2025-08-08T15:50:00+03:00
TICKET-10065,org_0005,Не работает выход из аккаунта на нескольких вкладках,"Если открыто несколько вкладок консоли и выйти в одной, в остальных интерфейс продолжает работать до перезагрузки страницы, можно даже удалять ресурсы. С точки зрения ИБ выглядит неправильно.",normal,"console-ui,auth",безопасность,,2025-08-11T13:09:09+03:00,2025-08-11T16:21:09+03:00
TICKET-10066,org_0017,Двойное создание объектов при ретраях,"При таймауте на нашей стороне мы ретраим POST /v1/orders и получаем дубликаты. Поддерживается ли заголовок идемпотентности (Idempotency-Key) как у большинства платёжных API? В доке не нашёл, а хотелось бы.",normal,api-gateway,идемпотентность,,2025-08-13T11:40:37+03:00,2025-08-13T13:40:37+03:00
TICKET-10067,org_0012,смс-уведомления не приходят на мтс,"коллегам с билайном и мегафоном приходит, на мтс нет вообще. номер +7 900 000-33-21. проверяли три дня подряд, ни одной смс",normal,notifications,смс,,2025-08-14T06:17:22+03:00,2025-08-19T12:17:22+03:00
TICKET-10070,org_0001,Роль «Наблюдатель» видит суммы по счетам — так задумано?,"У нас сотрудник с ролью Наблюдатель открывает раздел Биллинг и спокойно смотрит суммы и акты. По документации у этой роли только просмотр ресурсов, про финансы там ничего нет. Либо документация устарела, либо это дырка в правах. Уточните, пожалуйста, как правильно.",normal,"access-control,billing",права;документация,,2025-08-18T10:22:25+03:00,2025-09-12T12:22:25+03:00
TICKET-10075,org_0029,Question: can we enforce 2FA org-wide?,"We would like to require two-factor authentication for every member of our organisation, including service accounts where applicable. I can only find a per-user toggle. Is there an org-level policy, and if so does it apply retroactively to existing members?",low,"auth,access-control",,,2025-08-18T11:16:04+01:00,2025-08-18T11:16:04+01:00
TICKET-10076,org_0002,cloud-init не применяет user-data при первом запуске,"Передаём cloud-config в user data — создать пользователя и поставить пакеты. На новом образе ubuntu-24.04-2026-05 ничего не отрабатывает, в /var/log/cloud-init.log строка ""no user data found"". На образе 2025-11 та же конфигурация применяется без вопросов.",normal,compute,cloud-init,,2025-08-19T11:41:12+03:00,2025-08-19T14:30:12+03:00
TICKET-10078,org_0004,После включения версионирования выросли расходы вдвое,"Включили версионирование месяц назад, счёт за хранилище вырос с 18 до 39 тысяч. Понимаю, что старые версии тоже хранятся, но хочется увидеть, сколько занимают именно они. В детализации такой разбивки нет.",normal,"object-storage,billing",версионирование,,2025-08-19T20:47:08+03:00,2025-08-19T20:56:08+03:00
TICKET-10079,org_0029,Charged for a support plan we never enabled,"The last two invoices contain a line ""Premium support — 199/mo"". We are on the free support tier and nobody on the team enabled anything. Please remove it and refund the two months.   ",normal,"billing,subscriptions",,escalated,2025-08-25T11:14:20+01:00,2025-08-31T04:14:20+01:00
TICKET-10080,org_0005,"Подскажите, как подписаться на события только по одному бакету","Сейчас подписка на события хранилища создаётся на весь проект. Нам нужно только по бакету invoices, остальное — шум. Через API такой параметр есть? В консоли поле не нашёл.",normal,"integrations,object-storage",вопрос,,2025-08-25T17:22:27+03:00,2025-08-25T22:47:27+03:00
TICKET-10081,org_0026,Просьба включить вход по корпоративной почте без пароля,"Хотим настроить magic link на домен example.ru, чтобы сотрудники не заводили ещё один пароль. В настройках такого не нашёл. Есть ли это в планах или единственный путь — SSO через нашего провайдера?",normal,auth,feature-request,,2025-08-25T19:54:01+03:00,2025-08-25T20:45:01+03:00
TICKET-10082,org_0010,Не подключиться к базе из виртуалки в том же проекте,"С виртуалки app-01 не открывается соединение к managed-postgres по приватному адресу, таймаут. С моего ноутбука через публичный эндпоинт всё работает. Правила группы безопасности вроде разрешают 5432 внутри подсети. Подскажите, что проверить.",normal,"managed-postgres,networking,compute",,,2025-08-28T13:55:29+03:00,2025-08-28T13:57:29+03:00
TICKET-10085,org_0019,Медленно открывается список инстансов,"Список виртуальных машин грузится 10-12 секунд, у нас их 60. Раньше открывался мгновенно. Может быть связано с последним обновлением интерфейса.",normal,,,,2025-08-29T19:53:28+03:00,2025-09-14T20:53:28+03:00
TICKET-10086,org_0006,"Снапшоты создаются, но не удаляются по политике хранения","Политика хранения — 7 дней, а снапшоты лежат с марта, штук шестьдесят. Место за них капает в счёт. Удалять руками по одному неудобно. Политику проверял, она включена и применена к нужному инстансу.",normal,"backups,billing",retention,,2025-09-01T16:41:10+03:00,2025-09-08T23:41:10+03:00
TICKET-10087,org_0018,Ошибка при копировании между бакетами в разных проектах,"Copy объекта из бакета проекта А в бакет проекта Б выдаёт AccessDenied, хотя ключ имеет права на оба проекта. Через скачивание и заливку работает, но это 400 ГБ трафика и время.",normal,"object-storage,access-control",copy,,2025-09-03T15:03:54+03:00,2025-09-04T11:18:54+03:00
TICKET-10088,org_0006,Ошибка,Выдаёт ошибку при сохранении. Что делать?,high,,,,2025-09-03T22:08:14+03:00,2025-09-03T23:39:14+03:00
TICKET-10089,org_0005,Ошибка при попытке добавить второго владельца организации,"Пытаюсь назначить второго владельца — интерфейс пишет ""Организация может иметь только одного владельца"". При этом в вашей документации сказано, что владельцев может быть несколько. Нам нужен второй, чтобы не оказаться в ситуации как у коллег, когда единственный владелец в отпуске.",normal,"access-control,console-ui",документация,,2025-09-04T10:17:39+03:00,2025-09-06T12:14:39+03:00
TICKET-10090,org_0008,Не отдаёт метрики агент на виртуалке,"На двух из двадцати машин агент мониторинга не шлёт метрики: в консоли по ним пусто, статус агента ""нет данных"". Сам процесс запущен, systemctl status зелёный, в его логе повторяется ""failed to push metrics: context deadline exceeded"". Машины в той же подсети, что и рабочие.",normal,"monitoring,compute",агент,,2025-09-04T10:54:39+03:00,2025-09-05T22:54:39+03:00
TICKET-10092,org_0010,CORS: preflight отваливается с 405,"Из браузерного SPA не можем дёргать API напрямую:
OPTIONS /v1/objects -> 405 Method Not Allowed
Access-Control-Allow-Origin отсутствует в ответе.
В документации написано, что CORS поддерживается для публичных эндпоинтов. Домен приложения app.example.ru добавлен в список разрешённых в консоли.",normal,"api-gateway,console-ui",cors,,2025-09-05T13:32:38+03:00,2025-09-05T16:30:38+03:00
TICKET-10093,org_0001,Кнопка «Сохранить» в настройках проекта не нажимается в Safari,"В Safari 17 на макбуке форма настроек проекта не сохраняется: кнопка визуально активна, но по клику ничего не происходит и в консоли браузера ошибка про CSP. В Хроме всё нормально. Пользователь один, но он у нас руководитель, так что просит починить.",normal,console-ui,safari;csp,,2025-09-05T16:37:34+03:00,2025-09-05T16:37:34+03:00
TICKET-10094,org_0034,Feature request: per-project budget alerts,"Budget alerts are org-wide only. We allocate budgets per project internally and would like a threshold per project, ideally with a webhook in addition to email.",normal,"billing,monitoring,notifications",feature-request,,2025-09-08T11:39:08+02:00,2025-09-08T12:52:08+02:00
TICKET-10095,org_0012,Не отправляются письма клиентам через ваш SMTP-релей,"Письма из нашего приложения через релей уходят в очередь и висят, доставки нет. В ответе релея 421 4.7.0 too many connections. Раньше отправляли столько же. Возможно, изменились лимиты на подключения?",high,"notifications, api-gateway",smtp;лимиты,,2025-09-09T18:25:23+03:00,2025-09-10T09:37:23+03:00
TICKET-10096,org_0029,Re: Fwd: FW: about the thing we discussed,"> On 14 May, Support wrote:
> > Could you clarify which environment this affects?
>
> It affects the one we discussed on the call.

Any update on this? Our developer is waiting.",normal,,,,2025-09-10T11:52:51+01:00,2025-09-11T23:41:51+01:00
TICKET-10097,org_0026,нужна справка об отсутствии задолженности,нужна справка что у нас нет задолженности на 01.07 для тендера. на бланке с печатью. срок до пятницы,low,billing,документы,,2025-09-11T12:03:51+03:00,2025-09-13T08:42:51+03:00
TICKET-10098,org_0033,S3 client compatibility: ListObjectsV2 returns unexpected KeyCount,"Using the AWS SDK for Java against your S3-compatible endpoint, KeyCount is always equal to MaxKeys even when fewer objects are returned, which makes our pagination loop spin forever. ListObjectsV1 behaves correctly. Endpoint: storage.example.com, region label ru-central-1.",normal,"object-storage,api-gateway",s3;sdk,,2025-09-12T12:56:29+00:00,2025-09-21T19:56:29+00:00
TICKET-10099,org_0015,"2FA: приложение показывает код, но система его не принимает","Настроил двухфакторку через Google Authenticator, коды не подходят ни разу. Пересинхронизировал время на телефоне — не помогло. Резервные коды тоже дают ошибку ""Неверный код подтверждения"". Сейчас захожу только с доверенного устройства, но оно одно на всю команду.",normal,auth,2fa,,2025-09-15T11:14:07+03:00,2025-09-16T12:46:07+03:00
TICKET-10100,org_0033,"Zapier connector authorisation fails with ""invalid_scope""","Trying to connect our account to Zapier, the OAuth screen returns invalid_scope for ""storage.write"". The same key with the same scope works from curl. Possibly the connector requests scopes with a different naming convention.",normal,"integrations,auth",oauth;zapier,,2025-09-15T10:27:00+00:00,2025-09-15T20:55:00+00:00
TICKET-10104,org_0029,тест,"проверка, не обращайте внимания",low,,,,2025-09-15T15:04:44+01:00,2025-09-16T09:49:44+01:00
TICKET-10105,org_0001,Взломали учётку? Странная активность в проекте,"Обнаружили, что ночью с учётки нашего бывшего подрядчика создавались виртуалки в проекте prod-1, три штуки, и потом удалялись. Мы этого не делали. Учётку заблокировали. Нужна выгрузка всех действий этой учётки за последние 30 дней и рекомендации, что ещё проверить. Готовы созвониться.",urgent,"auth,access-control,logging,compute",инцидент;иб,escalated;vip,2025-09-15T18:56:41+03:00,2025-09-18T03:41:41+03:00
TICKET-10106,org_0005,Autoscaling group does not scale down,"Scale-up works fine, but the group never scales back below 6 instances even when CPU has been under 10% for hours. Cooldown is 300s and the scale-in policy is enabled. We are paying for idle capacity every night.",normal,"compute,monitoring,billing",autoscaling,,2025-09-16T17:17:11+03:00,2025-09-18T13:54:11+03:00
TICKET-10107,org_0016,[ALERT] cpu_usage > 90% for 15m on worker-02,"Alert: cpu_usage
Severity: critical
Resource: worker-02 (i-9c04fe)
Current value: 93.1%
Threshold: > 90% for 15m
Fired at: 2026-04-02T21:47:55Z
Rule: rule_7712
Runbook: https://docs.example.com/runbooks/high-cpu
--
This ticket was created automatically by the monitoring integration. Do not reply to this message; replies to this address are not read. To acknowledge the alert, open the monitoring section of the console and press Acknowledge on the alert card. To stop receiving tickets for this rule, change the rule notification channel from ""Create support ticket"" to ""Email"" or ""Webhook"". If the alert is a false positive, adjust the threshold in the rule editor instead of muting the rule permanently. Alert history for this rule is available in the console for 90 days.",high,"monitoring,compute",auto;alert,duplicate,2025-09-17T16:22:32+03:00,2025-09-17T18:23:32+03:00
TICKET-10108,org_0033,"Invite link says ""token expired"" immediately","New members click the invitation link and get ""This invitation token has expired"" straight away, even on invites created two minutes earlier. Tried from two different mail clients in case something is pre-fetching the link — same result. Six people are waiting to be onboarded.",normal,"access-control,auth",invite,,2025-09-18T18:47:22+00:00,2025-09-19T10:17:22+00:00
TICKET-10115,org_0001,Долгие ответы API по вечерам,"С 19 до 22 по Москве p95 по нашим вызовам /v1/objects/{id} вырастает с 90 мс до 1,5-2 секунд. Днём всё стабильно. У нас нагрузка вечером не меняется. Есть ли у вас пиковые окна или шейпинг по тарифу?",normal,"api-gateway,subscriptions",latency,,2025-09-19T10:01:28+03:00,2025-09-19T13:20:28+03:00
TICKET-10116,org_0028,Webhook delivery order is not guaranteed?,"We are seeing object.deleted arrive before object.created for the same object id, which puts our replica in a wrong state. Is ordering guaranteed per object, or do we need to reconcile using the event timestamp? The docs do not say either way.",normal,"integrations,api-gateway",webhook;ordering,,2025-09-19T19:33:44+03:00,2025-09-19T19:33:44+03:00
TICKET-10117,org_0038,Messages disappear without being acknowledged,"We publish to the managed queue and about 0.1% of messages never reach any consumer and never land in the DLQ either. Redelivery is configured with maxReceive=5. It is a small share but these are payment events, so it matters. Can you check the broker logs for queue payments-events between 10:00 and 12:00 UTC on 14 April?",normal,"message-queue,logging",dlq,escalated,2025-09-22T17:16:12+08:00,2025-09-30T01:44:12+08:00
TICKET-10118,org_0003,[ALERT] queue_depth > 100000 on orders-in,"Alert: queue_depth
Severity: warning
Resource: orders-in
Current value: 148203
Threshold: > 100000 for 10m
Fired at: 2026-07-21T05:33:17Z
Rule: rule_8402
Runbook: https://docs.example.com/runbooks/queue-depth
--
This ticket was created automatically by the monitoring integration. Do not reply to this message; replies to this address are not read. To acknowledge the alert, open the monitoring section of the console and press Acknowledge on the alert card. To stop receiving tickets for this rule, change the rule notification channel from ""Create support ticket"" to ""Email"" or ""Webhook"". If the alert is a false positive, adjust the threshold in the rule editor instead of muting the rule permanently. Alert history for this rule is available in the console for 90 days.",normal,"monitoring,message-queue",auto;alert,,2025-09-24T19:07:27+03:00,2025-09-30T23:07:27+03:00
TICKET-10119,org_0015,Можно ли скачать бэкап к себе,Нам по внутренним требованиям нужно хранить копию бэкапа вне вашей платформы. Есть ли способ выгрузить снапшот в наш бакет или локально? В интерфейсе только восстановление в новый инстанс.,normal,"backups,object-storage",вопрос;compliance,,2025-09-25T10:11:36+03:00,2025-09-25T21:14:36+03:00
TICKET-10120,org_0027,Terraform provider docs example does not compile,"The example for the managed database resource in the registry docs uses an attribute ""version"" that the provider rejects with ""Unsupported argument"". The correct name seems to be engine_version. Minor, but it cost us half an hour.",low,"terraform-provider,managed-postgres",docs,,2025-09-25T15:36:55+03:00,2025-09-25T17:41:55+03:00
TICKET-10121,org_0001,Хотим отключить часть уведомлений,"Каждое действие в проекте генерирует письмо, в день приходит по 200 штук, их перестают читать. Нужна возможность выбрать, о чём уведомлять: только об инцидентах и биллинге. В настройках профиля есть один общий тумблер ""Уведомления"", это всё или не туда смотрю?",normal,"notifications,console-ui",,,2025-10-02T11:21:50+03:00,2025-10-04T16:02:50+03:00
TICKET-10122,org_0002,Не работает балансировщик после смены сертификата,"Загрузили новый сертификат на балансировщик lb-prod, после этого браузеры пишут ERR_SSL_VERSION_OR_CIPHER_MISMATCH. Сертификат валидный, проверяли openssl-ом, цепочка полная. Старый сертификат работал.",normal,"networking,console-ui",tls;балансировщик,escalated,2025-10-02T11:35:43+03:00,2025-10-09T20:32:43+03:00
TICKET-10128,org_0027,Вопрос по стоимости холодного хранения,"Планируем перенести архив 40 ТБ в холодный класс. Правильно ли я понимаю, что за извлечение будет отдельная плата, и сколько примерно займёт извлечение такого объёма? Нам это нужно раз в год для аудита.",normal,"object-storage,billing",вопрос,,2025-10-03T21:15:10+03:00,2025-10-04T01:09:10+03:00
TICKET-10130,org_0001,Вопрос про оплату от третьего лица,"Может ли за нас заплатить материнская компания со своего счёта? Договор при этом останется на нас. Если да, что писать в назначении платежа, чтобы платёж корректно зачислился?",normal,billing,вопрос,,2025-10-06T07:23:22+03:00,2025-10-08T00:18:22+03:00
TICKET-10131,org_0017,Не отображается детализация по проектам,"В биллинге есть общая сумма, но нет разбивки по проектам, хотя раньше была вкладка. Нам нужно распределять расходы между отделами. Может, её перенесли куда-то после редизайна?",normal,"billing,console-ui",детализация,,2025-10-06T18:34:13+03:00,2025-10-06T18:34:13+03:00
TICKET-10132,org_0004,Очень медленно листается префикс с большим количеством ключей,"Префикс, в котором примерно 2,5 млн ключей, листается 4-6 минут при размере страницы 1000. Другие префиксы в том же бакете отдаются нормально. Мы делаем это каждую ночь для сверки, и теперь не укладываемся в окно. Есть ли инвентаризационный отчёт или рекомендованный способ?",normal,"object-storage,api-gateway",performance,,2025-10-09T10:57:42+03:00,2025-10-09T11:16:42+03:00
TICKET-10133,org_0001,Токен сервисного аккаунта перестал работать после ротации ключей,"Плановая ротация: создали новый ключ, старый удалили через 15 минут. После этого часть подов пишет
401 Unauthorized: signature verification failed
хотя секрет обновлён во всех неймспейсах, проверяли kubectl-ом. Похоже, где-то кэшируется старый public key. Сколько времени живёт кэш ключей на вашей стороне?",normal,"auth,api-gateway,compute",ротация;k8s,,2025-10-09T12:15:38+03:00,2025-10-11T17:23:38+03:00
TICKET-10138,org_0002,Просим увеличить квоту на публичные IP,Нужно 12 публичных адресов вместо текущих 4 в проекте prod-1. Обоснование: разносим сервисы партнёров по разным адресам для их белых списков. Готовы подтвердить письмом от руководителя.,normal,"networking,subscriptions",квоты,,2025-10-09T13:56:51+03:00,2025-10-16T20:56:51+03:00
TICKET-10139,org_0002,Email notifications arrive 40-60 minutes late,"Alert emails consistently arrive about an hour after the event. The in-console notification appears instantly, so the delay is in the mail path. This makes the alerting useless for on-call. Sample: alert fired 09:12 UTC, email received 10:04 UTC, message-id in the headers if you need it.",normal,"notifications,monitoring",email;delay,,2025-10-10T10:20:25+03:00,2025-10-10T10:20:25+03:00
TICKET-10142,org_0031,Rate limit headers missing on 429 responses,"When we do get a 429, the response has no Retry-After and no X-RateLimit-Reset header, so our client backs off blindly. Adding those headers would let us behave properly instead of guessing.",normal,api-gateway,429,,2025-10-14T05:36:17+02:00,2025-10-14T05:42:17+02:00
TICKET-10143,org_0008,Инстанс не стартует после изменения типа диска,"Поменяли тип диска с обычного на быстрый, после этого машина не грузится, в серийной консоли:
[    3.442112] dracut-initqueue[421]: Warning: dracut-initqueue timeout - starting timeout scripts
Похоже, изменился идентификатор устройства и fstab по UUID не находит диск. Как правильно чинить, не теряя данные?",normal,compute,boot;диск,,2025-10-14T14:19:18+03:00,2025-10-14T15:40:18+03:00
TICKET-10144,org_0010,Не открывается порт 25 наружу,"С виртуалки не уходит исходящий трафик на 25 порт, соединение висит и отваливается. 587 работает. Нам нужно отправлять почту напрямую со своего сервера. Это блокировка на вашей стороне и можно ли её снять?",normal,"networking,compute",smtp,,2025-10-14T16:07:26+03:00,2025-10-14T18:32:26+03:00
TICKET-10151,org_0015,Не работает вебхук: приходит 401 на нашей стороне,"Настроили вебхук на https://hooks.example.ru/ingest?token=wh_9f3ac2b1e4, ваш сервер стучится, но мы отбиваем 401, потому что подпись X-Signature не совпадает. Считаем HMAC SHA-256 от тела с секретом из консоли. Есть ли где-то точное описание, что именно подписывается — тело, или timestamp+тело?",normal,"integrations,api-gateway,auth",webhook;hmac,,2025-10-15T20:21:02+03:00,2025-11-01T04:21:02+03:00
TICKET-10152,org_0034,Seat count keeps increasing on its own,"Our plan is billed per seat. Last month we were charged for 34 seats, this month 41, but our member list still shows 33 people. Do deactivated users or service accounts count as seats? If so that is not documented anywhere I could find.",normal,"subscriptions,billing,access-control",seats,,2025-10-16T17:37:14+02:00,2025-10-16T18:41:14+02:00
TICKET-10153,org_0001,"Продлевается тариф, который мы отменили","Отменили подписку 20 числа через интерфейс, статус был ""будет отменена 31 числа"". Первого числа с карты снова списалось. Скриншот статуса отмены есть. Просьба вернуть деньги и подтвердить, что подписка действительно отменена.",normal,"subscriptions,billing",отмена,escalated,2025-10-17T09:51:32+03:00,2025-10-23T19:56:32+03:00
TICKET-10154,org_0003,Не приходят уведомления о превышении бюджета,"Настроили порог бюджета 50 000 ₽ с уведомлением на почту. Порог давно превышен, писем не было. В настройках уведомление включено, адрес правильный. Проверьте, пожалуйста, отправку.",normal,"billing,notifications,monitoring",бюджет,,2025-10-17T12:17:32+03:00,2025-10-19T20:44:32+03:00
TICKET-10155,org_0005,Вопрос: можно ли смонтировать бакет как диск на виртуалке,"Хотим, чтобы приложение писало в хранилище как в обычную папку. Слышал про s3fs, но не уверен, что это надёжно для продакшена. Что вы рекомендуете?",normal,"object-storage,compute",вопрос,,2025-10-17T14:56:17+03:00,2025-10-17T17:40:17+03:00
TICKET-10161,org_0029,Pagination cursor expires mid-iteration,"When listing more than ~50k objects, the cursor returned by /v1/objects?cursor=... starts returning 400 invalid_cursor after about 5 minutes of iteration. Our job cannot finish a full listing. Is there a documented cursor TTL, and is there a stable listing option for large buckets?",normal,"api-gateway,object-storage",pagination,,2025-10-17T17:33:05+01:00,2025-10-18T22:01:05+01:00
TICKET-10162,org_0027,"Не могу найти, где посмотреть трафик по бакету","Нужна статистика исходящего трафика по конкретному бакету за месяц, чтобы понять, кто ест деньги. В биллинге вижу только общую сумму по хранилищу.",normal,,,,2025-10-23T11:01:32+03:00,2025-10-23T11:15:32+03:00
TICKET-10163,org_0002,Есть ли машиночитаемая спецификация OpenAPI для v1?,"Хотим сгенерировать клиент, а не писать обёртки руками. В документации есть страница Swagger, но ссылка на скачивание спецификации отдаёт 404. Подскажите адрес, если она где-то лежит.",low,api-gateway,docs;вопрос,,2025-10-28T09:13:01+03:00,2025-10-28T12:03:01+03:00
TICKET-10164,org_0001,Странные списания трафика ночью,"Каждую ночь примерно с 2 до 4 идёт исходящий трафик 300-400 ГБ, при том что наш сервис в это время почти не используется. Хотим понять, что это: бэкап, репликация или что-то постороннее.",normal,,,,2025-10-29T18:52:56+03:00,2025-10-29T19:02:56+03:00
TICKET-10165,org_0032,"Intermittent 502 from api.example.com, roughly 1 in 200 requests","About 0.5% of our requests come back as 502 with an empty body. Retries succeed immediately, so it is survivable, but it pollutes our error budget. Sample request ids: req_1a2b3c4d, req_5e6f7a8b, req_9c0d1e2f, all within a 10 minute window this morning. We call from eu-central.",normal,api-gateway,502,,2025-10-31T22:50:59+01:00,2025-10-31T23:14:59+01:00
TICKET-10166,org_0003,Не приходят письма от системы на наш домен,"Ни одно письмо от вас не доходит на @example.ru: ни уведомления, ни сброс пароля. Наш админ говорит, что письма отбиваются по DMARC, потому что домен отправителя не проходит проверку. Можете прислать заголовки одного из отбитых писем или подсказать, что нам добавить в SPF?",normal,"notifications,dns",dmarc;почта,escalated,2025-11-02T22:01:44+03:00,2025-11-04T11:01:44+03:00
TICKET-10171,org_0038,"Log ingest stops when we exceed the daily quota, without warning",We went over our daily log volume and ingest was silently dropped for the rest of the day. We only noticed when investigating an incident and found a 9-hour hole. A warning at 80% would have saved us.,normal,"logging,logging",quota,,2025-11-10T17:19:54+08:00,2025-11-10T18:32:54+08:00
TICKET-10173,org_0002,Подключение своего домена к CDN — вопрос по сертификату,"Подключаем cdn.example.ru, хотим свой сертификат от нашего УЦ, а не выпускать у вас. В интерфейсе есть только вариант с автоматическим выпуском. Загрузить свой можно только через API?",normal,"cdn,dns",tls;вопрос,,2025-11-11T10:17:37+03:00,2025-11-11T10:17:37+03:00
TICKET-10174,org_0002,Телеграм-уведомления приходят дублями,"Одно и то же уведомление приходит в телеграм по 3-4 раза с интервалом в несколько секунд. В почте дублей нет. Началось после того, как мы добавили второго получателя в интеграцию.   ",normal,"notifications,integrations",telegram;дубли,,2025-11-13T16:49:07+03:00,2025-11-13T17:22:07+03:00
TICKET-10175,org_0009,Ссылка на документацию по правилам жизненного цикла ведёт на 404,"Со страницы обзора хранилища ссылка «Настройка правил жизненного цикла» открывает 404. В кэше поисковика старая версия статьи есть, но хотелось бы актуальную.",low,object-storage,docs,,2025-11-14T11:28:26+03:00,2025-11-14T12:11:26+03:00
TICKET-10180,org_0036,pg_dump from the managed instance is very slow over the public endpoint,"A dump that takes 12 minutes from a VM in the same project takes over 3 hours over the public endpoint from our office. I assume this is bandwidth shaping on the public interface — could you confirm, so we stop trying to tune pg_dump?",normal,"managed-postgres,networking",pg_dump,,2025-11-17T11:17:47+00:00,2025-11-17T11:17:47+00:00
TICKET-10181,org_0001,API отдаёт 503 на все запросы,"С 12:35 все вызовы к api.example.com возвращают 503, тело пустое. Наш прод стоит. Проверили со своих серверов и с мобильного интернета — везде одинаково. У вас авария?",urgent,api-gateway,503;авария,escalated,2025-11-18T12:41:00+03:00,2025-11-20T08:54:00+03:00
TICKET-10182,org_0034,All API calls failing with 503 since ~09:35 UTC,"Every request to the v1 API returns 503 with an empty body, from multiple regions. Our status page integration also shows nothing. Is there an incident in progress? We have customers affected and need something to tell them.",urgent,api-gateway,503;outage,escalated;vip,2025-11-18T11:52:00+02:00,2025-11-22T15:17:00+02:00
TICKET-10183,org_0009,"НЕ РАБОТАЕТ НИЧЕГО, 503","все запросы к апи падают с 503. консоль тоже не открывается, крутится. что происходит??? у нас пятница, вечер, пиковые продажи",urgent,"api-gateway,console-ui",,escalated,2025-11-18T12:58:00+03:00,2025-12-09T19:58:00+03:00
TICKET-10184,org_0003,Ошибка 503 и невозможно войти в консоль,"С 12:40 по Москве не работает вход в личный кабинет (после ввода пароля белый экран) и API отвечает 503. Похоже на общую проблему. Сообщите, пожалуйста, когда починят, у нас идёт выгрузка заказов и она вся падает.",high,"api-gateway,auth,console-ui",,,2025-11-18T13:04:00+03:00,2025-12-04T15:04:00+03:00
TICKET-10190,org_0002,Все токены разом стали невалидными,"Внезапно все наши сервисные токены начали получать
401 invalid_token: token signature could not be verified
одновременно, ничего не ротировали. Плюс API периодически отдаёт 503. Судя по всему, у вас проблема с сервисом аутентификации.",urgent,"auth,api-gateway",401;токены,escalated,2025-11-18T13:11:00+03:00,2025-11-20T23:22:00+03:00
TICKET-10191,org_0031,401 invalid_token on all service accounts simultaneously,At 10:05 UTC every service account token started failing signature verification. We did not rotate anything. Some requests also return 503. Two of our background workers have already exhausted their retry budget and stopped.,high,"auth,api-gateway",401,escalated,2025-11-18T12:19:00+02:00,2025-11-20T07:19:00+02:00
TICKET-10192,org_0006,Не проходят платежи через нашу интеграцию,"Наш платёжный воркер не может достучаться до вашего API — 503 и таймауты, из-за этого зависли платежи клиентов, около 200 штук в очереди. Скажите, стоит ли ждать или переключаться на ручную обработку.",high,"api-gateway,integrations",,escalated;vip,2025-11-18T13:26:00+03:00,2025-11-23T19:25:00+03:00
TICKET-10193,org_0014,"Консоль не открывается, 503 от шлюза","Не могу зайти в консоль, страница показывает ""503 Service Temporarily Unavailable"". Через мобильный интернет то же самое. Наверное авария, но на всякий случай пишу.",normal,"console-ui,api-gateway",,,2025-11-18T13:33:00+03:00,2025-11-18T15:53:00+03:00
TICKET-10199,org_0038,Are you having an outage? Status page says all green,"We are getting 503s from the API and cannot log in to the console, but your status page shows everything operational. Please either update the status page or tell us it is on our side. Started roughly 25 minutes ago.",normal,"api-gateway,console-ui",status-page,,2025-11-18T18:41:00+08:00,2025-11-23T03:41:00+08:00
TICKET-10200,org_0012,Отвалились вебхуки и API во время сбоя,"Во время сегодняшнего сбоя мы не получили ни одного вебхука, а сейчас API снова отвечает. Вопрос: события за период недоступности будут доставлены повторно или потеряны? Нам нужно понять, что досинхронизировать руками.",high,"integrations,api-gateway",webhook,,2025-11-18T15:10:00+03:00,2025-11-19T16:43:00+03:00
TICKET-10201,org_0001,Просим RCA по сегодняшней недоступности API,"Сегодня с 12:35 до 13:50 у нас была полная недоступность из-за проблем на вашей стороне. По договору просим предоставить отчёт о причинах и мерах, а также рассчитать компенсацию по SLA за период простоя.",normal,"api-gateway,billing",rca;sla,escalated,2025-11-18T16:20:00+03:00,2025-11-22T02:24:00+03:00
TICKET-10202,org_0040,Feature request: webhook signing key rotation without downtime,"Right now rotating a webhook secret invalidates the old one immediately, which means either a brief window of rejected deliveries or accepting unsigned payloads. Could you support two active secrets during a rotation window, like most providers do?",low,integrations,feature-request,,2025-11-19T19:18:24+00:00,2025-11-19T19:18:24+00:00
TICKET-10205,org_0004,Please revoke access for a departed employee,"Hi team, could you please make sure all access is revoked for john.doe@example.com — he left the company on 31 July. I removed him from the organisation in the console, but his personal API key still works against the storage endpoints (we tested with a HEAD request on our bucket). Is that expected, or is key revocation separate from membership?",normal,"access-control,auth,object-storage,api-gateway",offboarding,,2025-11-21T12:39:30+03:00,2025-11-21T16:02:30+03:00
TICKET-10212,org_0020,Не могу привязать новую карту — ошибка 3DS,"Старая карта истекла, пытаюсь привязать новую. После ввода кода из смс страница пишет ""Не удалось подтвердить платёж, попробуйте позже"". Карта 5555 55** **** 4444, если это важно. Пробовал две разные карты, разные браузеры, телефон. Банк говорит, что запросов от вас не приходило вообще.",normal,"billing,console-ui",3ds;карта,,2025-11-23T20:23:02+05:00,2025-12-13T04:23:02+05:00
TICKET-10213,org_0029,Feature request: session list with device and IP,"It would help our security team a lot to see active sessions per user with device, IP and last-seen, plus a button to terminate one. Right now the only option seems to be a full password reset which is disruptive.",low,"auth,console-ui",feature-request,,2025-11-25T06:11:16+01:00,2025-11-27T18:06:16+01:00
TICKET-10214,org_0009,Не приходит уведомление о падении инстанса,"Настроено правило: если инстанс переходит в состояние Error — письмо и телеграм. Вчера инстанс упал в 03:40, никто ничего не получил, узнали утром от клиентов. В истории алертов событие есть, а в истории доставки уведомлений пусто.",normal,"monitoring,notifications,compute",алерты,sla_breach,2025-11-25T14:02:37+03:00,2025-11-25T16:27:37+03:00
TICKET-10215,org_0013,Нужен доступ к бакету по FTP,"У нас старая учётная система, которая умеет выкладывать файлы только по FTP/SFTP. Есть ли у вас шлюз, чтобы бакет выглядел как SFTP-каталог, или надо поднимать свою прослойку на виртуалке?",normal,"object-storage,compute",sftp;вопрос,,2025-11-25T16:45:26+03:00,2025-11-25T16:45:26+03:00
TICKET-10217,org_0017,API returns 200 for a bucket that does not exist,GET /v1/buckets/definitely-not-a-real-bucket-9911 returns 200 with an empty object instead of 404. This silently breaks our existence checks. Reproducible from two different accounts.,normal,"api-gateway,object-storage",,,2025-11-27T18:34:55+03:00,2025-11-29T09:32:55+03:00
TICKET-10218,org_0002,Where can I download the SOC 2 report?,Our procurement team asks for your latest SOC 2 Type II report and a completed security questionnaire. Is there a portal for that or should we sign an NDA first?,low,,compliance,,2025-11-28T16:49:25+03:00,2025-11-30T21:45:25+03:00
TICKET-10219,org_0037,API tokens expire after ~30 minutes instead of the requested 24h,"We create a service token via POST /v1/auth/tokens with ttl=86400. The response body says expires_at is 24 hours out, but the token starts returning 401 invalid_token after roughly half an hour. Started around 12 March, nothing changed on our side. This breaks the nightly export job that runs at 02:00.",high,"auth,api-gateway",token;ttl,,2025-11-28T09:07:23-05:00,2025-11-28T12:19:23-05:00
TICKET-10220,org_0031,"Trial ended silently, resources were deleted","Our 14-day trial expired on Saturday. We received no warning email and on Monday the two test databases were gone. I understand trial data may be removed, but a heads-up would have saved us a day of work. Is there any chance the data is still recoverable?",normal,"subscriptions,notifications,managed-postgres,backups",trial,escalated,2025-11-28T16:28:41+02:00,2025-12-01T03:28:41+02:00
TICKET-10221,org_0002,Не отображается история входов,"В профиле раздел «История входов» пустой уже вторую неделю, хотя люди заходят каждый день. Нам это нужно для внутреннего аудита ИБ. До этого записи были.",normal,"auth,logging,console-ui",аудит,,2025-12-01T08:30:48+03:00,2025-12-03T06:42:48+03:00
TICKET-10227,org_0029,Managed Postgres connection string changed after a plan change,After upgrading the plan the host name changed from pg-1.example.com to pg-1-a.example.com and every service broke because the old name stopped resolving. We had no notice. Is there a stable endpoint we should be using instead?,normal,"managed-postgres,dns,networking",endpoint,escalated,2025-12-01T20:22:27+01:00,2025-12-08T08:49:27+01:00
TICKET-10228,org_0002,Двухфакторка отключилась сама у нескольких пользователей,"У троих сотрудников пропала настроенная 2FA, при входе просто не спрашивает код. Никто её не отключал, права на это есть только у меня. Подозреваю, что это связано с миграцией, о которой было письмо в прошлый вторник.",normal,auth,2fa,,2025-12-05T13:56:58+03:00,2025-12-05T13:56:58+03:00
TICKET-10229,org_0016,Вопрос,"Добрый день. Подскажите, пожалуйста, как правильно? Спасибо.",normal,,,,2025-12-08T17:58:24+03:00,2025-12-10T08:36:24+03:00
TICKET-10230,org_0001,"Логи не индексируются, задержка почти час","Между записью в лог на нашей стороне и появлением строки в поиске проходит 40-60 минут. Для разбора инцидентов это бесполезно. Объём около 15 ГБ в сутки, что укладывается в тариф. Неделю назад задержка была меньше минуты.",high,"logging,subscriptions",задержка,escalated,2025-12-10T10:15:02+03:00,2025-12-28T01:15:02+03:00
TICKET-10231,org_0034,Do unused credits roll over to the next month?,"We prepaid 5,000 EUR of credits in March and used about half. The dashboard shows the remaining balance, but the terms mention a 12-month validity. Just want to confirm the expiry date so we plan usage accordingly.",low,billing,question,,2025-12-10T12:35:09+02:00,2025-12-10T12:59:09+02:00
TICKET-10232,org_0009,Не работает вход через SSO — invalid_grant на callback,"Пытаемся подключить вход через наш корпоративный Keycloak. На этапе callback стабильно получаем:
{""error"":""invalid_grant"",""error_description"":""Code not valid""}
Redirect URI в консоли и в клиенте совпадают, проверяли три раза, регистр тоже. Может ли влиять то, что мы за nginx-прокси и он переписывает X-Forwarded-Proto на http?",normal,auth,sso;keycloak,,2025-12-10T14:52:36+03:00,2025-12-12T07:03:36+03:00
TICKET-10233,org_0002,нужна консультация по выбору тарифа для базы,"у нас база 300 гб, запросов немного, в основном аналитика по ночам. посоветуйте конфигурацию, не хочется переплачивать за память которая не нужна",low,"managed-postgres,subscriptions",консультация,,2025-12-12T10:17:04+03:00,2025-12-14T12:21:04+03:00
TICKET-10238,org_0031,Add a PO number field to invoices,Our finance department cannot process invoices without a purchase order number printed on them. Is there a way to attach a PO reference per subscription so it appears on every invoice? Manually forwarding and annotating each PDF is not sustainable at our volume.,normal,billing,feature-request,,2025-12-13T12:51:51+02:00,2025-12-15T06:06:51+02:00
TICKET-10239,org_0001,Пропадают ключи в Redis без TTL,"Кладём ключи без TTL, через сутки их нет. maxmemory-policy выставлена в noeviction, во всяком случае так показано в консоли. Возможно ли, что политика на самом деле другая или инстанс перезапускается ночью?",normal,"managed-redis,monitoring",,,2025-12-15T12:32:13+03:00,2025-12-16T20:51:13+03:00
TICKET-10240,org_0028,Как продлить тестовый период,"Тестовый период заканчивается в четверг, мы не успели закончить пилот. Можно ли продлить ещё на две недели? Готовы обосновать.",low,,,,2025-12-16T11:07:38+03:00,2025-12-16T11:07:38+03:00
TICKET-10241,org_0009,"  консоль не грузится, белый экран  ","белый экран при заходе на console.example.com, в консоли браузера ошибка загрузки чанка ChunkLoadError. помог только ctrl+shift+r но у пользователей так каждый раз после ваших релизов. можно как-то версионировать статику нормально?",normal,console-ui,,,2025-12-16T11:29:47+03:00,2025-12-16T13:06:47+03:00
TICKET-10242,org_0014,Реплика отстаёт на несколько часов,"Лаг реплики pg-prod-1-replica вырос до 4 часов и не сокращается. Нагрузка на запись у нас обычная. На дашборде метрика replication_lag_seconds пилит вверх со вчерашнего вечера. Читающие сервисы отдают устаревшие данные, это заметно клиентам.",normal,"managed-postgres,monitoring",репликация,escalated,2025-12-17T12:01:39+03:00,2025-12-23T20:31:39+03:00
TICKET-10243,org_0001,СРОЧНО ПЕРЕЗВОНИТЕ,срочно перезвоните по номеру +7 900 000-19-03 у нас всё встало и никто не может объяснить что происходит. писать некогда,normal,,,escalated,2025-12-18T09:24:58+03:00,2025-12-22T13:50:58+03:00
TICKET-10244,org_0001,Долгие запросы после автоматического обновления версии,"Ночью прошло автообновление минорной версии PostgreSQL, после этого несколько запросов, которые шли 200 мс, стали идти 8-9 секунд. Судя по EXPLAIN, планировщик перестал использовать индекс по created_at и делает seq scan. ANALYZE прогнали, не помогло.",normal,managed-postgres,performance;план,,2025-12-18T11:53:28+03:00,2025-12-20T06:10:28+03:00
TICKET-10246,org_0002,"Логин через корпоративный SSO работает, но роли не подтягиваются","SSO настроили, пользователи заходят. Проблема в том, что группы из нашего AD не мапятся на роли: все попадают с ролью Наблюдатель, потом руками выдаём. В маппинге указали атрибут groups, в SAML-ответе он есть, проверяли через SAML-tracer.",normal,"auth,access-control",sso;saml,,2025-12-19T15:56:13+03:00,2026-01-03T19:56:13+03:00
TICKET-10247,org_0039,Account suspended for non-payment but we paid by wire on time,"Our services were suspended this morning. We paid invoice INV-2026-0388 by bank transfer on 28 July, the money left our account the same day; I can send the SWIFT confirmation. Production is down for our customers. Please restore access first and reconcile afterwards.",urgent,"billing,subscriptions",suspension,escalated;vip,2025-12-19T14:56:35+01:00,2025-12-23T18:30:35+01:00
TICKET-10248,org_0002,Нужен доступ к API для нового сотрудника,"Примите заявку: нужен ключ с правами на чтение метрик для нового devops-инженера, r.novikov@example.ru. Права на запись не нужны.",normal,,,,2025-12-22T11:18:47+03:00,2025-12-22T21:47:47+03:00
TICKET-10249,org_0008,Нужен статический публичный адрес,"У виртуалки при каждом рестарте меняется внешний IP, а у нас он прописан в белых списках у партнёров. Как заказать статический адрес и сколько он стоит, если машина выключена?",normal,"networking,billing",ip;вопрос,,2025-12-22T15:22:10+03:00,2026-01-02T22:22:10+03:00
TICKET-10250,org_0005,"После смены тарифа отвалились функции, которые были нужны","Перешли с тарифа Бизнес на Стандарт, чтобы сэкономить, и потеряли доступ к резервным копиям по расписанию — про это нигде не было предупреждения при смене. Верните, пожалуйста, обратно Бизнес с сегодняшнего числа и подскажите, сохранились ли наши снапшоты.",high,"subscriptions,backups,billing",тариф,,2025-12-22T19:14:06+03:00,2025-12-24T19:23:06+03:00
TICKET-10251,org_0035,Cannot delete an API key that is already unused,"Deleting a key from the console returns ""key is in use by an active integration"", but the integration it refers to was deleted a month ago. The key has zero requests in the last 30 days according to the usage page. Please force-delete key_4c81ab.",normal,"auth,api-gateway,console-ui",,,2025-12-22T18:47:39+01:00,2025-12-22T18:47:39+01:00
TICKET-10252,org_0007,Приглашённый пользователь попал не в ту организацию,"У нас две организации на одном юрлице. Пригласил коллегу в организацию «Тест», а он оказался в «Прод». Инвайт отправлял из интерфейса организации Тест, точно помню. Уберите его из прода, пожалуйста, доступ там боевой.",normal,"access-control,console-ui",,escalated,2025-12-24T11:05:57+03:00,2025-12-29T18:15:57+03:00
TICKET-10253,org_0007,Шлюз отдаёт 503 при большом Content-Length,"PUT объекта размером 3.8 ГБ через api.example.com завершается 503 примерно на 70% загрузки, повторяется стабильно. Через ваш CLI с многочастной загрузкой всё проходит. Хотелось бы понимать, есть ли жёсткий предел на одиночный PUT — в доке написано 5 ГБ.",high,"api-gateway,object-storage",upload;503,,2025-12-26T21:31:46+03:00,2026-01-16T06:31:46+03:00
TICKET-10254,org_0005,Промокод не применяется при оплате,"У нас промокод на 3 месяца со скидкой из вашей рассылки, при вводе пишет ""Промокод недействителен"". Код STARTUP2026, срок до конца квартала по условиям в письме. Скриншот письма приложу, если нужно.",normal,"billing,subscriptions",промокод,,2025-12-30T10:32:25+03:00,2025-12-30T14:00:25+03:00
TICKET-10255,org_0021,Двойная подписка на одну организацию,"Похоже, при переносе с триала мы случайно оформили две подписки на одну и ту же организацию, обе активные, списывается за обе. Одну надо аннулировать с возвратом за последний период. Номера подписок sub_91a2 и sub_91b7.",normal,"subscriptions,billing",,,2025-12-30T15:43:11+05:00,2025-12-30T15:43:11+05:00
TICKET-10256,org_0027,"Сессия в консоли истекает, пока заполняешь длинную форму","Создание кластера базы занимает время, мы вставляем много параметров, и на середине сессия отваливается — всё введённое теряется, приходится начинать заново. Можно сохранять черновик формы или продлевать сессию, пока вкладка активна?",normal,,ui,,2025-12-31T10:50:24+03:00,2026-01-02T11:37:24+03:00
TICKET-10258,org_0006,Не совпадает сумма в кабинете и в счёте,"В личном кабинете за месяц показано 88 120 ₽, в PDF-счёте 91 340 ₽. Разница 3 220. Подозреваю, что в кабинете не учитывается что-то вроде ""support plan"" или округление, но хочется понять точно, потому что сверять придётся каждый месяц.",normal,"billing,console-ui",,,2025-12-31T12:01:16+03:00,2026-01-02T18:24:16+03:00
TICKET-10259,org_0009,Кириллица в именах файлов ломает скачивание,"Файлы с русскими названиями скачиваются с именем вида %D0%9E%D1%82%D1%87%D1%91%D1%82.pdf. Пользователи жалуются. Мы отдаём ссылку напрямую из хранилища, без своего прокси. Можно ли влиять на Content-Disposition при выдаче?",normal,object-storage,кодировка,,2025-12-31T13:56:42+03:00,2026-01-17T13:56:42+03:00
TICKET-10261,org_0031,Snapshot of a running instance produced an inconsistent filesystem,"We took a snapshot without stopping the instance and the restored volume needed fsck, which dropped a few files. I understand crash consistency, but the console does not warn about it anywhere. Could you at least add a note, and confirm whether quiescing is supported via the agent?",normal,"backups,compute",snapshot,,2025-12-31T16:47:42+02:00,2026-01-14T21:47:42+02:00
TICKET-10263,org_0007,Ошибка 401 при обращении к API из другого проекта,"Ключ выпущен в проекте dev, пытаемся из скрипта обратиться к ресурсам проекта staging — прилетает 401. Ожидали 403, раз это вопрос прав. Так и должно быть, или ключи вообще не работают межпроектно?",normal,"api-gateway,auth,access-control",,,2026-01-01T10:39:20+03:00,2026-01-01T16:57:20+03:00
TICKET-10264,org_0032,Two-factor prompt appears twice per login,"After entering the code the page reloads and asks for a second code from the same app. The second one is accepted. Cosmetic but confusing for our less technical staff, and a couple of them think the account is compromised.",normal,"Auth,console-ui",2fa,,2026-01-04T10:13:40+01:00,2026-01-04T12:13:40+01:00
TICKET-10269,org_0004,Очередь сообщений перестала разгребаться,"В managed-очереди накопилось 1,2 млн сообщений, консьюмеры читают, но lag только растёт. Метрика consumer_lag в панели висит ровной линией, как будто не обновляется. Перезапуск консьюмеров не помог. Очередь orders-in, проект prod-2.   ",high,"message-queue,monitoring,console-ui",queue;lag,escalated,2026-01-06T10:50:53+03:00,2026-01-06T20:33:53+03:00
TICKET-10270,org_0001,Уведомления об алертах уходят не на ту почту,"Канал уведомлений настроен на alerts@example.ru, а письма приходят на личную почту создателя правила. Проверял в настройках правила — там указан правильный канал. Похоже, канал игнорируется.",normal,"monitoring,notifications",,,2026-01-06T11:31:03+03:00,2026-01-06T11:53:03+03:00
TICKET-10271,org_0002,"Ошибка ""Слишком много попыток"" при корректном пароле","Захожу с правильным паролем, а система пишет ""Слишком много попыток входа, повторите через 15 минут"". До этого ошибался ровно один раз. Похоже, счётчик считает попытки не по пользователю, а по IP — у нас весь офис за одним внешним адресом 203.0.113.10.",normal,auth,rate-limit,,2026-01-06T12:22:07+03:00,2026-01-07T15:54:07+03:00
TICKET-10272,org_0009,Дашборд не сохраняет изменения,"Меняю расположение панелей на дашборде, нажимаю сохранить — на вид всё ок, но после перезагрузки страницы старая раскладка. У коллеги воспроизводится. Дашборд общий, на нём 22 панели.",normal,"monitoring,console-ui",дашборд,,2026-01-06T14:43:12+03:00,2026-01-07T00:18:12+03:00
TICKET-10273,org_0001,Не работает фильтр по дате в API,"Параметр created_after в /v1/events, похоже, игнорируется — возвращаются события за всё время. Формат передаём ISO8601 с таймзоной, как в примере из документации. Если передать бессмысленную строку, ошибки тоже нет, просто снова всё.",normal,"api-gateway,logging",,,2026-01-13T10:41:28+03:00,2026-01-13T13:34:28+03:00
TICKET-10277,org_0001,Не приходит уведомление о входе с нового устройства,"Раньше на почту падало письмо ""вход с нового устройства"", теперь не приходит. Проверял: зашёл с телефона по мобильному интернету — тишина. Настройка уведомлений в профиле включена.",normal,"notifications,auth",,,2026-01-13T16:24:08+03:00,2026-01-14T02:16:08+03:00
TICKET-10280,org_0023,"Не работает автопродление, каждый месяц отключают услуги","Автопродление включено, но каждый месяц первого числа услуги приостанавливаются на пару часов, потом мы вручную платим и всё включается. Похоже, что попытка автосписания не проходит, но никакого уведомления мы не получаем — узнаём от пользователей.",normal,"billing,subscriptions,notifications",автоплатёж,reopened,2026-01-14T06:48:37+04:00,2026-01-19T05:42:37+04:00
TICKET-10281,org_0001,Credit note issued but balance unchanged,You issued credit note CN-2026-0031 for 240 EUR on 14 May after the duplicate charge. Our account balance still shows the original amount due and dunning emails keep arriving. Please apply the credit or explain how it is meant to work.,normal,"billing,notifications",credit,reopened,2026-01-14T15:39:39+03:00,2026-01-28T12:39:39+03:00
TICKET-10282,org_0011,Не проходит валидация домена для сертификата,"Добавили CNAME-запись для валидации, как показано в консоли, но проверка висит в статусе ""ожидание"" вторые сутки. dig CNAME _acme-challenge.example.ru показывает правильное значение с обоих наших NS. Возможно, ваш валидатор ходит к какому-то конкретному резолверу?",normal,"dns,cdn",сертификат;acme,,2026-01-20T09:56:41+03:00,2026-01-20T11:43:41+03:00
TICKET-10283,org_0010,"Не удаляется бакет: ""bucket is not empty"", хотя он пустой","В бакете temp-uploads по списку 0 объектов, консоль и CLI показывают пусто, но удаление даёт BucketNotEmpty. Подозреваю незавершённые multipart-загрузки или отложенные версии. Как посмотреть, что там осталось?",normal,"object-storage,console-ui",,,2026-01-20T12:01:06+03:00,2026-01-20T12:01:06+03:00
TICKET-10284,org_0001,"Хотелось бы видеть в консоли, кто создал ресурс","Сейчас в карточке ресурса есть только дата создания. Нам для порядка нужно ещё имя того, кто создал. Информация же наверняка есть в аудите. Не срочно, но было бы полезно.",low,"console-ui,access-control",feature-request,,2026-01-21T12:59:54+03:00,2026-01-22T19:04:54+03:00
TICKET-10285,org_0004,  Опечатка в интерфейсе: «Востановить» вместо «Восстановить»  ,"На странице снапшотов кнопка называется «Востановить». Мелочь, но глаз режет. Заодно там же в подсказке написано «резервая копия».",low,"console-ui,backups",опечатка,,2026-01-22T15:29:07+03:00,2026-01-22T19:40:07+03:00
TICKET-10286,org_0037,1C integration stopped syncing after your maintenance window,"Our 1C connector has not pushed anything since the maintenance on 20 May. The connector logs show ""handshake failed: protocol version not supported"". We did not change anything on our side. Is there a new minimum protocol version?",normal,"integrations,api-gateway",1c,,2026-01-22T09:49:11-05:00,2026-01-23T07:29:11-05:00
TICKET-10287,org_0029,Backup window overlaps our peak traffic,"The automatic backup starts at 02:00 UTC which is 05:00 local and right in our morning peak; we see a latency spike on the database during it. Can the window be moved to 22:00 UTC, and is the backup snapshot-based or a logical dump?",normal,"backups,managed-postgres,monitoring",window,,2026-01-26T11:00:50+01:00,2026-01-30T15:00:50+01:00
TICKET-10294,org_0007,"Кончились соединения к базе: FATAL: sorry, too many clients already","Приложение с 14:20 не может подключиться к managed-postgres:
FATAL: sorry, too many clients already
max_connections стоит 200, приложение держит пул на 20 подключений на под, подов сейчас 8. Похоже, соединения не закрываются. Есть ли у вас встроенный pgbouncer или нужно поднимать свой?",high,"managed-postgres,compute",connections;pool,,2026-01-26T19:19:45+03:00,2026-02-11T04:19:45+03:00
TICKET-10295,org_0030,Dark theme: several labels are unreadable,"Minor but annoying: in dark mode the secondary text on the resource list is dark grey on a dark background, roughly 2:1 contrast. Same on the invoice detail page. Screenshot attached. Not urgent, but a couple of people on the team have switched back to light theme because of it.",normal,"console-ui,billing",ui;a11y,,2026-01-27T17:27:46+00:00,2026-01-28T22:26:46+00:00
TICKET-10296,org_0003,перевыставите счет пожалуйста,"в счете 0342 неверно указан адрес доставки услуг, нужен юридический адрес а не фактический. остальное всё верно. перевыставите пожалуйста на тот же номер",normal,billing,документы,,2026-01-28T17:43:25+03:00,2026-01-28T18:52:25+03:00
TICKET-10297,org_0004,Резервное копирование виртуалки не запускается по расписанию,"Расписание стоит на 03:00 ежедневно, последний успешный бэкап был 11 числа. В истории задач ничего, ни ошибок, ни попыток. Инстанс работает, место есть.",normal,"backups,compute",расписание,,2026-02-05T08:57:20+03:00,2026-02-05T09:36:20+03:00
TICKET-10303,org_0007,Снова too many clients на проде,"Повторяется ситуация с прошлой недели: FATAL: sorry, too many clients already, инстанс pg-prod-1. Мы уменьшили размер пула, как советовали, до 15 на под — не помогло, просто наступает на час позже. Нужна консультация по правильной конфигурации, у нас 8-12 подов и фоновые воркеры.",high,"managed-postgres,compute",connections;pool,reopened,2026-02-06T16:45:45+03:00,2026-02-09T06:45:45+03:00
TICKET-10304,org_0001,SCIM provisioning creates duplicate users,"We enabled SCIM from Azure AD last week. Users whose email changed case (e.g. J.Smith@example.com vs j.smith@example.com) got provisioned twice, so we now have 14 duplicate accounts. Deleting one of the pair removes the licence from the other. Could you advise before we make it worse?",normal,"access-control,integrations,auth",scim,,2026-02-09T11:22:07+03:00,2026-02-10T02:39:07+03:00
TICKET-10305,org_0018,Не работает поиск по логам после смены тарифа,"Перешли на тариф с меньшим объёмом хранения логов, после этого поиск перестал находить что-либо старше суток, хотя по описанию тарифа должно быть 7 дней. Возможно, при переходе применилась не та политика хранения.",normal,"logging, subscriptions",retention,,2026-02-10T20:15:18+03:00,2026-02-11T01:43:18+03:00
TICKET-10306,org_0004,Как перенести виртуалку в другую зону доступности,"Нужно переехать из зоны ru-central-a в ru-central-b, чтобы быть рядом с базой. Снапшот сделал. Правильно ли, что нужно создать новую машину из снапшота, или есть встроенная миграция? Хочется минимального простоя.",normal,"compute,networking,backups",вопрос;миграция,,2026-02-11T05:31:05+03:00,2026-02-12T01:33:05+03:00
TICKET-10310,org_0028,Потери пакетов между виртуалками в разных зонах,"Между app-01 (зона a) и db-01 (зона b) mtr показывает 3-7% потерь и rtt скачет от 1 до 90 мс. Внутри одной зоны всё ровно.
Host                Loss%   Snt   Last   Avg  Best  Wrst
10.0.2.11            5.1%   500   43.2  38.9   0.9  91.4
Проблема плавающая, началась примерно позавчера вечером.",high,"networking,compute",packet-loss,escalated,2026-02-11T09:14:01+03:00,2026-02-13T02:43:01+03:00
TICKET-10311,org_0037,Invoice shows compute charges for an instance we deleted,Invoice INV-2026-0417 includes 312 hours for instance i-0ab13c which we terminated on 2 June. The console shows it as deleted with that date. Either the meter kept running or the deletion did not propagate to billing. Could you check and re-issue?,normal,"billing,compute",invoice,,2026-02-12T13:47:00-05:00,2026-02-14T03:25:00-05:00
TICKET-10312,org_0005,Redis: нужен доступ к команде CONFIG,"Наш инструмент мониторинга хочет вызывать CONFIG GET, получает ""unknown command"" / ""command is not allowed"". Понимаю, что на managed-инстансах команду обычно отключают. Есть ли способ получить те же параметры — через API платформы, например?",normal,"managed-redis,monitoring",,,2026-02-13T11:52:12+03:00,2026-02-14T13:50:12+03:00
TICKET-10313,org_0033,"Как сделать, чтобы сессия не разлогинивалась каждые 12 часов","Подскажите, есть ли настройка времени жизни сессии для пользователей организации. Сейчас всех выкидывает примерно раз в 12 часов, для дежурной смены это неудобно. В настройках безопасности нашёл только политику паролей.",low,"auth,console-ui",вопрос,,2026-02-13T18:20:29+00:00,2026-02-16T06:15:29+00:00
TICKET-10314,org_0007,"База недоступна, too many clients, лежит прод","Третий раз за две недели. FATAL: sorry, too many clients already, приложение полностью не работает с 09:05. Пробовали рестартовать поды, отпустило на 10 минут и снова. Нужен инженер на созвон, контакт: dev-oncall@example.ru, +7 900 000-77-10.",urgent,"managed-postgres,compute",connections;pool,reopened;escalated;sla_breach,2026-02-15T20:22:45+03:00,2026-02-19T11:22:45+03:00
TICKET-10315,org_0005,[ALERT] cert_expiry_days < 14 on cdn.example.com,"Alert: cert_expiry_days
Severity: warning
Resource: cdn.example.com
Current value: 9
Threshold: < 14
Fired at: 2026-01-27T09:00:04Z
Rule: rule_7688
Runbook: https://docs.example.com/runbooks/cert-expiry
--
This ticket was created automatically by the monitoring integration. Do not reply to this message; replies to this address are not read. To acknowledge the alert, open the monitoring section of the console and press Acknowledge on the alert card. To stop receiving tickets for this rule, change the rule notification channel from ""Create support ticket"" to ""Email"" or ""Webhook"". If the alert is a false positive, adjust the threshold in the rule editor instead of muting the rule permanently. Alert history for this rule is available in the console for 90 days.",normal,"monitoring,cdn",auto;alert,,2026-02-16T08:09:44+03:00,2026-02-16T08:09:44+03:00
TICKET-10317,org_0001,[ALERT] http_5xx_rate > 5% on lb-prod,"Alert: http_5xx_rate
Severity: warning
Resource: lb-prod
Current value: 7.8%
Threshold: > 5% for 5m
Fired at: 2026-06-30T14:22:39Z
Rule: rule_8250
Runbook: https://docs.example.com/runbooks/http-errors
--
This ticket was created automatically by the monitoring integration. Do not reply to this message; replies to this address are not read. To acknowledge the alert, open the monitoring section of the console and press Acknowledge on the alert card. To stop receiving tickets for this rule, change the rule notification channel from ""Create support ticket"" to ""Email"" or ""Webhook"". If the alert is a false positive, adjust the threshold in the rule editor instead of muting the rule permanently. Alert history for this rule is available in the console for 90 days.",normal,"monitoring,networking",auto;alert,,2026-02-17T10:23:58+03:00,2026-02-23T18:23:58+03:00
TICKET-10318,org_0033,Как получить счёт в валюте договора,"Договор у нас в рублях, а счёт приходит с суммой в долларах и пересчётом. Бухгалтерия ругается. Можно ли выставлять счета сразу в рублях по курсу на дату счёта?",normal,billing,валюта,,2026-02-17T12:51:26+00:00,2026-02-17T12:51:26+00:00
TICKET-10319,org_0018,Нужен алерт по кастомной метрике из приложения,"Мы пушим свою метрику orders_failed_total через ваш агент, она видна на графике. При попытке создать по ней правило алерта в выпадающем списке метрики нет — только системные. Кастомные метрики поддерживаются в алертах?",normal,"monitoring,console-ui",custom-metrics,,2026-02-19T02:04:00+03:00,2026-02-19T06:01:00+03:00
TICKET-10320,org_0014,Хотим разделить биллинг между двумя юрлицами,"У нас в одной организации ресурсы двух юрлиц, хотим разнести расходы: часть проектов на одно ИНН, часть на другое, с отдельными счетами. Возможно ли это без переноса ресурсов в новую организацию? Переносить прод очень не хочется.",normal,"billing,subscriptions",вопрос,,2026-02-19T05:21:10+03:00,2026-02-19T05:52:10+03:00
TICKET-10321,org_0011,Виртуалка перезагрузилась ночью без предупреждения,"Инстанс web-01 перезагрузился в 04:12, в истории событий пусто. Плановые работы? Хотелось бы получать уведомление заранее, у нас там сервис без автозапуска.",normal,,,,2026-02-19T09:32:17+03:00,2026-02-19T09:32:17+03:00
TICKET-10322,org_0007,Проблема,"Здравствуйте. У нас проблема с вашим сервисом, подключитесь пожалуйста удалённо, объясню на месте. Телефон +7 900 000-02-14, спросить Андрея.",normal,,,,2026-02-19T18:30:35+03:00,2026-02-22T01:24:35+03:00
TICKET-10323,org_0036,403 on every console action for one specific user,"One of our engineers (dev-07@example.com) gets ""insufficient permissions"" for every action in the console, including read-only pages. Her role is Project Admin, same as three colleagues who are fine. Removing and re-adding her to the project did not help. Her user id is usr_2f9a1c.",high,"access-control,console-ui",,,2026-02-19T19:39:03+00:00,2026-02-21T06:36:03+00:00
TICKET-10324,org_0001,DNS zone transfer from our old provider imported only half the records,"We imported example-store.com and only 43 of the 118 records made it. Missing ones are mostly TXT and SRV. No error was shown, the import reported success. Can you re-run the import or tell us what it choked on?",normal,"dns,console-ui",zone-import,,2026-02-20T06:10:46+03:00,2026-02-20T06:10:46+03:00
TICKET-10325,org_0018,SSO users land on a blank console page after login,"Since we rotated our IdP signing certificate on Monday, users authenticate fine on the Okta side but the console renders a white screen. Browser console shows: Uncaught TypeError: Cannot read properties of null (reading 'orgId'). Local (non-SSO) admin accounts still work. Happy to send SAMLResponse timestamps if that helps.",normal,"auth,console-ui",sso;saml,,2026-02-20T11:02:11+03:00,2026-02-20T11:02:11+03:00
TICKET-10326,org_0003,Периодические таймауты при обращении к сервису через балансировщик,"Раз в несколько минут запросы через lb-prod висят 30 секунд и отваливаются по таймауту клиента, при этом на бэкендах в это время в логах ничего. Похоже на проблему установки соединения. Включили keepalive, стало чуть лучше, но не ушло.",normal,"networking,compute",timeout,,2026-02-24T11:39:33+03:00,2026-02-26T20:07:33+03:00
TICKET-10327,org_0002,"Не грузятся файлы в хранилище, 500 ошибка","С 09:20 любая загрузка в бакеты падает с 500 Internal Error, скачивание при этом работает. Пробовали разные бакеты и разные клиенты. У нас на этом завязана приёмка документов от клиентов.",urgent,"object-storage,api-gateway",500;upload,escalated,2026-03-05T09:24:00+03:00,2026-03-06T02:28:00+03:00
TICKET-10328,org_0033,PUT requests to object storage failing with 500,Since 06:20 UTC all PUT and multipart upload calls return 500 InternalError. GET is unaffected. Two independent applications and the CLI show the same. This is blocking our media ingest pipeline entirely.,urgent,"object-storage,api-gateway",500,escalated,2026-03-05T06:31:00+00:00,2026-03-10T12:01:00+00:00
TICKET-10329,org_0007,"Загрузка в бакет отваливается, скачивание работает","Заливка файлов из нашего сервиса не проходит: сначала было медленно, теперь стабильно 500. Скачивание нормальное. Началось примерно в 9:20-9:25 утра. Скажите, это у вас?",high,"object-storage,api-gateway",,,2026-03-05T09:38:00+03:00,2026-03-05T09:38:00+03:00
TICKET-10330,org_0018,Ошибка загрузки вложений в тикеты и в бакет,"Не прикрепляются файлы ни в вашей же консоли, ни через API в наш бакет. В консоли ""Не удалось загрузить файл"", через API 500. Судя по всему, общая проблема с хранилищем.",high,"object-storage,console-ui",,,2026-03-05T09:44:00+03:00,2026-03-30T10:44:00+03:00
TICKET-10331,org_0001,"Storage 500 на upload, наши джобы валятся","Все воркеры выдают:
An error occurred (InternalError) when calling the PutObject operation (reached max retries: 4)
Около 3000 файлов в час не заливается, накапливается очередь. Есть ли ETA?",urgent,"object-storage,message-queue",upload,escalated,2026-03-05T09:52:00+03:00,2026-03-05T20:58:00+03:00
TICKET-10332,org_0036,Uploads failing since 06:20 UTC — is this related to yesterday's maintenance?,"All writes to storage return 500. Your maintenance notice mentioned storage metadata work yesterday evening, so I assume they are related. Please confirm and let us know when it is fixed; we will pause our ingest until then.",high,"object-storage,api-gateway",maintenance,,2026-03-05T07:01:00+00:00,2026-03-09T16:01:00+00:00
TICKET-10333,org_0011,"Хранилище: ошибки при записи, что делать с очередью","Пока у вас проблемы с записью в бакеты, у нас копится очередь на загрузку. Подскажите, безопасно ли ретраить те же ключи после восстановления — не получим ли мы дубликаты или частично записанные объекты?   ",normal,"object-storage,api-gateway",,,2026-03-05T10:12:00+03:00,2026-03-11T14:12:00+03:00
TICKET-10334,org_0021,Из-за сбоя хранилища не отработала ночная выгрузка,"Ночная выгрузка отчётов в бакет reports-daily упала с ошибками 500 и не повторилась. Сейчас, вижу, всё восстановилось. Можно ли как-то запустить её повторно из вашего планировщика, или нам делать руками?",high,"object-storage,backups",,,2026-03-05T14:40:00+05:00,2026-03-26T17:40:00+05:00
TICKET-10341,org_0002,Компенсация за простой хранилища 5 марта,Сегодня утром хранилище было недоступно на запись около двух часов. Просим подтвердить факт инцидента официальным ответом — он нужен нам для объяснения простоя нашему заказчику — и рассчитать компенсацию по SLA.,normal,"object-storage,billing",sla,,2026-03-05T14:05:00+03:00,2026-03-18T20:05:00+03:00
TICKET-10342,org_0007,Просьба увеличить max_connections на pg-prod-1,"В продолжение прошлых обращений: просим поднять max_connections с 200 до 500 на инстансе pg-prod-1 и подсказать, как это скажется на памяти. Пул-менеджер внедрим, но это займёт спринт-два.",normal,managed-postgres,конфигурация,,2026-03-07T18:43:45+03:00,2026-03-07T22:24:45+03:00
TICKET-10343,org_0001,Служебная учётка блокируется после нескольких неудачных входов,"У нас есть техническая учётка ci-bot@example.ru для деплоя. Периодически её блокирует после серии неудачных попыток — судя по всему, кто-то из разработчиков случайно тянет её со старым паролем из локального .env. Можно ли исключить служебные учётки из политики блокировки или хотя бы получать уведомление о блокировке?",high,"auth,access-control,notifications",ci,,2026-03-10T15:31:16+03:00,2026-03-10T16:16:16+03:00
TICKET-10349,org_0018,gRPC-эндпоинт рвёт соединение через 60 секунд,"Стримы через gRPC-шлюз стабильно рвутся ровно через 60 секунд:
rpc error: code = Unavailable desc = transport is closing
у нас long-lived стримы, переподключение каждую минуту создаёт заметный оверхед. Есть ли настраиваемый keepalive/idle timeout на балансировщике?",high,"api-gateway,networking",grpc;timeout,,2026-03-13T09:39:47+03:00,2026-03-14T21:36:47+03:00
TICKET-10352,org_0001,"Права выданы, но доступ появился только через час","Выдали разработчику роль на проекте, в интерфейсе всё отобразилось сразу, а фактический доступ к API появился только минут через сорок-пятьдесят. Это нормальная задержка распространения прав? Хотелось бы понимать, чтобы не дёргать поддержку каждый раз.",normal,"access-control,api-gateway",,,2026-03-13T14:37:14+03:00,2026-03-13T16:38:14+03:00
TICKET-10353,org_0020,Нужно ограничить доступ к бакету по IP,"Хотим, чтобы содержимое бакета отдавалось только с наших серверов, список из 6 адресов. В политике бакета условия по IP работают? Пример из документации применяется без ошибок, но фильтрация фактически не происходит — качается откуда угодно.",normal,"object-storage,access-control,networking",policy,,2026-03-13T20:13:58+05:00,2026-03-15T05:36:58+05:00
TICKET-10354,org_0021,После передачи владения организацией у нового владельца нет прав на проект,"Передали владение организацией новому директору (учётка d.morozov@example.ru). У прежнего владельца доступ пропал, это ожидаемо. Но у нового не появились права на проект prod-2: в консоли раздел пустой, через API GET /v1/projects возвращается пустой массив. На проекте dev всё нормально.",high,"access-control,console-ui,api-gateway",,,2026-03-15T11:00:41+05:00,2026-03-16T13:16:41+05:00
TICKET-10355,org_0001,Питоновский SDK падает на пустом теле ответа,"Версия 3.4.0 вашего SDK для Python валится с json.decoder.JSONDecodeError, когда API отвечает 204 No Content на удаление объекта. В 3.3.2 такого не было. Пока откатились, но хотелось бы остаться на актуальной версии.",normal,api-gateway,sdk;python,,2026-03-19T11:10:36+03:00,2026-03-19T14:35:36+03:00
TICKET-10356,org_0002,Хотим отправлять логи в свой Elasticsearch,"Нужна возможность параллельно с вашим хранилищем сливать логи в наш кластер (compliance-требование). Есть ли экспорт или вебхук на поток логов? Готовы читать по API, если есть курсорная выдача — сейчас пробуем дёргать https://logs.example.ru/api/v1/pull?key=lk_77ac91b3, но получаем 404.",normal,"logging,integrations",export;вопрос,,2026-03-20T09:36:09+03:00,2026-03-20T12:39:09+03:00
TICKET-10359,org_0008,Скидка по годовой оплате не применилась,"Оплатили год вперёд, чтобы получить скидку 15%, как в описании тарифа. По факту сумма в счёте без скидки. Оплату проводили 12 числа, номер платежа 88213.",normal,"billing,subscriptions",скидка,,2026-03-20T18:52:56+03:00,2026-03-20T23:26:56+03:00
TICKET-10360,org_0001,Не могу сменить email у пользователя,"В карточке пользователя поле email недоступно для редактирования, а через API PATCH /v1/users/{id} прилетает 403 с текстом ""field is immutable"". Человек сменил фамилию и почта другая, заводить второго пользователя не хочется — потеряются его права и история.",normal,"access-control,auth,api-gateway,console-ui",,,2026-03-23T10:49:09+03:00,2026-03-25T06:02:09+03:00
TICKET-10361,org_0015,VPN-туннель рвётся примерно раз в полчаса,"IPsec-туннель между офисом и облачной сетью переустанавливается каждые 30 минут, что совпадает с lifetime второй фазы. У нас выставлено 3600 секунд. Подскажите значения на вашем шлюзе, чтобы привести настройки к общему знаменателю, а не гадать.",normal,networking,vpn;ipsec,,2026-03-23T12:22:23+03:00,2026-03-23T23:08:23+03:00
TICKET-10362,org_0034,Restore to a point in time is off by several hours,We asked for a point-in-time restore to 2026-04-18 09:30 UTC and got a database state that clearly includes transactions from around 12:00. WAL retention is 7 days on our plan. Either the timestamp is interpreted in a different timezone or the PITR granularity is coarser than documented.,normal,"backups,managed-postgres",pitr,escalated,2026-03-25T15:22:42+02:00,2026-03-28T07:13:42+02:00
TICKET-10365,org_0001,После включения вебхуков нагрузка на наш сервер выросла в 10 раз,"Подписались на события storage.object.created, и теперь получаем примерно 900 запросов в секунду, потому что у нас массовые загрузки. Нужна возможность батчить события или фильтровать по префиксу ключа. Пока отключили подписку, но нам она нужна.",high,"integrations,object-storage",webhook,,2026-03-26T12:18:34+03:00,2026-03-26T12:18:34+03:00
TICKET-10366,org_0003,Просим отсрочку платежа на две недели," Добрый день. У нас задержка финансирования, оплатить счёт до 5 числа не успеваем. Просим не приостанавливать услуги до 20 числа, оплатим гарантированно. Готовы прислать гарантийное письмо на бланке. Контакт финдиректора: +7 900 000-88-01, Марина Л.
",normal,"billing,subscriptions",отсрочка,vip,2026-03-29T14:00:57+03:00,2026-03-30T17:56:57+03:00
TICKET-10367,org_0001,Уведомления о техработах приходят после техработ,"Письмо о плановых работах 12 числа пришло 12 числа в 23:40, то есть после самих работ. Хотелось бы получать хотя бы за 72 часа, чтобы предупредить своих клиентов. Это баг или так и работает рассылка?",normal,notifications,техработы,,2026-03-30T09:55:38+03:00,2026-04-20T17:55:38+03:00
TICKET-10372,org_0034,"Cannot downgrade: ""active resources exceed plan limits""","We are trying to move down to the Team plan for the quiet season. The console refuses with ""active resources exceed plan limits"" but does not say which resources. We deleted everything we could think of. Please tell us what is over the limit — the error is not actionable.",high,"subscriptions,console-ui",downgrade,,2026-03-30T11:22:35+02:00,2026-04-15T18:22:35+02:00
TICKET-10377,org_0010,ВЕРНИТЕ ДЕНЬГИ ЗА НЕИСПОЛЬЗОВАННЫЙ ПЕРИОД,"мы закрыли аккаунт 3 числа, оплачен был весь месяц. по вашим правилам возврат возможен за неиспользованный период. верните за 27 дней. реквизиты те же с которых платили. и удалите наши данные согласно 152-фз.",normal,"billing,subscriptions",возврат,escalated,2026-03-30T14:19:28+03:00,2026-04-01T02:47:28+03:00
TICKET-10378,org_0010,Счёт на оплату формируется без НДС,"В счёте нет строки НДС, хотя в договоре мы на общей системе и НДС должен быть выделен. Бухгалтерия не принимает. Проверьте, пожалуйста, настройки нашей организации, ИНН 7700000042.",normal,billing,ндс;документы,,2026-04-02T15:45:42+03:00,2026-04-03T15:26:42+03:00
TICKET-10379,org_0030,Console search returns nothing for resources I can see in the list,"Typing the exact name of a bucket into the global search returns ""no results"", even though the bucket is right there in the storage list. Search works for compute instances. Looks like storage objects are not indexed for search, or the index is stale.",normal,"console-ui,object-storage",search,,2026-04-02T13:54:31+00:00,2026-04-04T22:47:31+00:00
TICKET-10380,org_0003,Тормозит интерфейс на странице с большим количеством ресурсов,"В проекте около 900 бакетов и страница списка грузится секунд 15, потом браузер подвисает при скролле. Пагинация вроде есть, но фильтр по имени применяется, судя по всему, на клиенте. Ноутбук обычный офисный, i5 и 8 гигов.",normal,"console-ui,object-storage",performance,,2026-04-02T17:02:13+03:00,2026-04-05T00:27:13+03:00
TICKET-10381,org_0006,Как ограничить доступ к базе по IP,"Хотим оставить доступ к managed-postgres только из нашей подсети и с двух офисных адресов. Сейчас публичный эндпоинт открыт всем, кто знает пароль. В интерфейсе нашёл только включение/выключение публичного доступа.",normal,"managed-postgres,networking,access-control",,,2026-04-02T17:25:08+03:00,2026-04-03T15:57:08+03:00
TICKET-10382,org_0002,После оплаты услуги включились не сразу,"Оплатили счёт картой 2200 70** **** 0031 в 11:40, деньги у вас по выписке в 11:42, а услуги разблокировались только в 15:10. Три с половиной часа простоя интернет-магазина. Можно ли ускорить разблокировку, если платёж уже виден?",normal,"billing,subscriptions",,sla_breach,2026-04-08T10:28:29+03:00,2026-04-28T10:28:29+03:00
TICKET-10384,org_0014,Просим включить нам расширенное логирование доступа к бакету,"Для расследования инцидента нужен журнал обращений к бакету client-docs за последние 90 дней: кто, когда, с какого IP. В консоли такого нет. Готовы оплатить, если это платная опция.",normal,"logging,object-storage,access-control,billing",audit,,2026-04-08T14:01:57+03:00,2026-04-09T12:54:57+03:00
TICKET-10385,org_0004,How is storage billed — provisioned or used?,"Simple question: for object storage, do you bill the volume actually stored (averaged over the month) or a provisioned quota? And are DELETE requests billed as API operations? We are modelling costs for next year.",low,"billing,object-storage",question,,2026-04-17T12:29:21+03:00,2026-04-23T16:29:21+03:00
TICKET-10386,org_0020,Алерт срабатывает каждые пять минут по одной и той же метрике,"Правило ""Высокая загрузка CPU"" шлёт уведомление каждые 5 минут, пока условие держится. Нужен режим, когда уведомление приходит один раз и потом при восстановлении. Иначе дежурный просто отключает канал, и мы пропускаем настоящие инциденты.",normal,"monitoring,notifications",алерты;шум,,2026-04-22T08:41:39+05:00,2026-05-08T16:41:39+05:00
TICKET-10388,org_0026,Восстановление из бэкапа завершается с ошибкой,"Пробуем восстановить снапшот базы от 2 числа в новый инстанс — процесс идёт минут двадцать и падает с ""restore failed: unexpected end of archive"". Снапшот в консоли отмечен как успешный, размер 84 ГБ. Пробовали дважды. Это наш единственный бэкап за то число.",high,"backups,managed-postgres",restore,escalated;vip,2026-04-22T09:46:16+03:00,2026-04-27T02:09:16+03:00
TICKET-10389,org_0033,Redis connection limit reached on the Standard plan,"We hit ""ERR max number of clients reached"" at around 1,000 connections. The plan page says 10,000. Are connections counted per node or per cluster, and do idle connections from a pool count?",normal,"managed-redis,subscriptions",limits,,2026-04-22T09:34:00+00:00,2026-04-23T00:40:00+00:00
TICKET-10394,org_0002,Redis evicting keys although memory is below the limit,"Our managed Redis (2 GB plan) reports used_memory around 1.1 GB but evicted_keys keeps growing and our cache hit rate dropped from 96% to 61%. maxmemory-policy is allkeys-lru. Is there overhead we are not seeing, or is the limit applied to something other than used_memory?",normal,"managed-redis,monitoring",eviction,,2026-04-22T23:06:28+03:00,2026-04-23T03:02:28+03:00
TICKET-10397,org_0031,Billing page fails to load: 502 from /api/billing/summary,The billing section of the console has been failing for two days. Network tab shows GET /api/billing/summary returning 502 after about 30 seconds. Other console pages are fine. Tried a different network and account with the same result.,normal,"billing,console-ui,api-gateway",502,,2026-04-24T10:25:42+02:00,2026-04-24T10:25:42+02:00
TICKET-10398,org_0005,Место на диске базы кончилось из-за WAL,"Инстанс перешёл в read-only, в логах ""could not extend file: No space left on device"". Судя по метрикам, WAL раздулся до 180 ГБ за ночь. Подозреваю зависшую логическую репликацию — мы недавно создавали слот для тестов и, возможно, не удалили.",normal,"managed-postgres,monitoring",wal;диск,escalated,2026-04-27T12:44:53+03:00,2026-05-02T00:44:53+03:00
TICKET-10399,org_0012,CDN serves stale content in one region only,Edge nodes in Asia keep serving a version of index.html from three days ago; Europe and Russia are fine. Cache-Control on the origin is max-age=300. Looks like a specific PoP is not honouring the header or is failing to revalidate.,normal,"cdn,networking",cache,,2026-04-27T20:16:56+03:00,2026-04-28T15:31:56+03:00
TICKET-10400,org_0010,Locked out of the console — MFA device lost,"Our only org owner lost his phone and we have no recovery codes saved. Nobody else has owner rights, so we cannot add a new admin, change billing, or open a support case from inside the product. What is the identity verification procedure to recover the account? Contact: ops@example.com, +1 555 0100.",urgent,"auth,access-control",recovery,escalated;vip,2026-04-28T09:07:55+03:00,2026-05-02T13:13:55+03:00
TICKET-10401,org_0006,Как ограничить доступ к бакету только для одного сервисного аккаунта,"Есть бакет с персональными данными, к нему сейчас имеет доступ вся команда проекта. Хочу оставить доступ только у сервисного аккаунта backup-runner и у себя. Через политику проекта так не получается, роли выдаются на весь проект. Подскажите правильный способ.",normal,"access-control,object-storage",вопрос,,2026-04-28T15:30:45+03:00,2026-04-29T04:28:45+03:00
TICKET-10402,org_0007,Не приходят алерты в дежурный чат по ночам,"Днём алерты в чат приходят, ночью — нет. Проверили расписание в правиле, оно круглосуточное. Возможно, что-то с тихими часами в настройках канала уведомлений.",normal,"monitoring, notifications",алерты,,2026-04-29T10:59:23+03:00,2026-04-29T12:58:23+03:00
TICKET-10403,org_0007,Виртуалка ушла в ребут сама и не поднялась,"Инстанс app-prod-03 перезагрузился в 02:47 без нашего участия и после этого не загружается — в консоли статус Running, но по ssh не отвечает и в серийной консоли пусто. Диск подключён. Помогите, там наш основной бэкенд. Дежурный по инфраструктуре — Николай Гречко, +7 900 000-64-08, n.grechko@example.ru.",high,"compute,console-ui",reboot,escalated;sla_breach,2026-04-29T15:01:30+03:00,2026-05-04T18:36:30+03:00
TICKET-10404,org_0031,Question: server-side encryption with our own key,"Do you support SSE-C or a KMS-managed key for object storage? Our security policy requires customer-managed keys for anything containing personal data. If not supported today, is it on the roadmap?",low,"object-storage,access-control",encryption;question,,2026-05-04T15:22:03+02:00,2026-05-29T17:22:03+02:00
TICKET-10408,org_0017,"Алерт срабатывает по метрике, которой больше нет","Правило ""disk_free < 10%"" стреляет по машинам, удалённым несколько недель назад: ряд метрики просто обрывается, а вычислитель считает это нарушением порога. Есть ли обработка состояния «нет данных», или нам самим фильтровать по состоянию инстанса?",normal,"monitoring,compute",nodata,,2026-05-05T17:27:20+03:00,2026-05-05T19:33:20+03:00
TICKET-10410,org_0001,Удалённые файлы всё ещё занимают место,"Почистили старые бэкапы, удалили примерно 800 ГБ, но в биллинге и на дашборде объём не изменился уже третьи сутки. Версионирование в бакете включено — может, дело в старых версиях? Если да, как их удалить массово?",normal,"object-storage,billing",версионирование,,2026-05-11T15:00:40+03:00,2026-05-11T18:22:40+03:00
TICKET-10411,org_0002,Detailed usage export is missing the last three days of the month,"The CSV export for June contains records up to 27 June only. We reconcile internal chargeback from that file, so the gap matters. The dashboard total for June looks correct, so it seems to be an export problem rather than a metering one.",normal,"billing,console-ui",export,,2026-05-12T12:07:16+03:00,2026-05-13T19:11:16+03:00
TICKET-10412,org_0003,Консоль отдаёт 500 при открытии списка API-ключей,"При переходе в раздел API keys получаем 500. В ответе:
{""error"":""internal_error"",""request_id"":""req_8f21c0ab""}
Воспроизводится у всех троих админов, в двух браузерах, с очищенным кэшем. Через CLI ключи при этом перечисляются нормально, так что похоже на проблему именно во фронте или в BFF.",high,"console-ui,api-gateway,auth",500,,2026-05-12T16:09:27+03:00,2026-05-24T16:09:27+03:00
TICKET-10413,org_0020,Тариф переключился сам на более дорогой,"Утром обнаружили, что тариф изменился с Стандарт на Бизнес+, никто из наших этого не делал. В истории изменений тарифа пусто. Верните обратно и объясните, пожалуйста, как такое возможно.",normal,"subscriptions,billing,console-ui",,escalated,2026-05-14T09:20:38+05:00,2026-05-19T15:40:38+05:00
TICKET-10416,org_0001,В terraform-провайдере нет поддержки правил жизненного цикла бакета,"Ресурс для бакета есть, а блок lifecycle_rule не поддерживается, приходится настраивать руками через консоль после apply, что ломает идею IaC. Планируется ли поддержка? Если есть ветка/бета — готовы протестировать.",normal,"terraform-provider,object-storage",terraform;feature-request,,2026-05-14T09:11:31+03:00,2026-05-15T23:00:31+03:00
TICKET-10417,org_0001,уточнение по лимиту трат,можно ли поставить лимит на месячные траты чтобы при достижении просто останавливались новые ресурсы а не всё подряд? боимся что кто-то из разработчиков случайно поднимет что-то дорогое,low,"billing,subscriptions",лимиты;вопрос,,2026-05-17T20:31:51+03:00,2026-06-09T23:31:51+03:00
TICKET-10419,org_0034,Slack integration posts to the wrong channel after workspace rename,We renamed our Slack workspace and now alerts land in #general instead of #platform-alerts. Re-authorising the integration (webhook https://hooks.slack.example.com/services/T00000000/B00000000/FAKEfakeFAKE0000) did not help; the channel picker shows the old channel list. Disconnecting and reconnecting from scratch is possible but we would lose the alert routing config.,normal,"integrations,notifications",slack,,2026-05-18T16:31:23+02:00,2026-05-18T16:31:23+02:00
TICKET-10420,org_0001,Медленный диск на виртуалке,"На инстансе db-test iowait держится 40-60%, fio показывает около 90 IOPS на запись, при том что по тарифу должно быть 3000. Диск сетевой, 200 ГБ. Возможно, мы упёрлись в лимит по пропускной способности инстанса, а не диска?",normal,"compute,subscriptions",iops;диск,,2026-05-20T08:17:10+03:00,2026-05-20T09:02:10+03:00
TICKET-10421,org_0005,429 Too Many Requests при штатной нагрузке,"Со вчерашнего дня наш сервис получает 429 на /v1/objects при том же профиле нагрузки, что и месяц назад — примерно 40 запросов в секунду. В заголовках приходит X-RateLimit-Limit: 30, хотя по тарифу должно быть 100. Лимит меняли на вашей стороне? Из-за ретраев у нас растёт очередь; клиенты жалуются; менеджер проекта в копии, e.chernov@example.ru.",high,"api-gateway,subscriptions",rate-limit;429,escalated,2026-05-25T05:35:38+03:00,2026-05-30T15:25:38+03:00
TICKET-10422,org_0003,не приходит смс с кодом,не приходит смс с кодом подтверждения на номер +7 900 000-45-67 уже часа два жду пробовал запрашивать заново приходит примерно с пятого раза и то не всегда раньше такого не было,normal,"auth,notifications",,,2026-05-25T09:47:01+03:00,2026-05-25T12:18:01+03:00
TICKET-10423,org_0001,Уведомление о завершении бэкапа приходит раньше самого бэкапа,"Письмо ""Резервное копирование завершено"" приходит в 03:02, а по метрикам задача заканчивается в 03:20. Похоже, уведомление отправляется по старту, а не по завершению. Из-за этого дежурный думает, что всё готово.",normal,"backups,notifications",,,2026-05-27T10:25:57+03:00,2026-05-28T20:33:57+03:00
TICKET-10424,org_0013,Очередь: сообщения теряются при масштабировании консьюмеров,"При добавлении новых консьюмеров часть сообщений уходит в обработку дважды, часть, судя по всему, не обрабатывается вовсе. Ожидали, что перебалансировка отработает мягко. Очередь billing-events, 12 партиций.",normal,"message-queue,compute",rebalance,,2026-05-27T16:25:47+03:00,2026-06-18T18:25:47+03:00
TICKET-10425,org_0010,Записи DNS применяются очень долго,"Изменили A-запись, прошло 40 минут — старое значение всё ещё отдаётся вашими NS. TTL на записи 300 секунд. Это ожидаемая задержка применения на вашей стороне?   ",normal,dns,ttl,,2026-05-27T16:36:41+03:00,2026-05-27T18:04:41+03:00
TICKET-10432,org_0006,Не работает раздача статики с приватного бакета через CDN,"Настроили CDN на приватный бакет с сервисным доступом, получаем 403 от origin. По документации нужно выдать роль cdn-puller, но такой роли в списке нет. Возможно, изменилось название?",normal,"cdn,object-storage,access-control",,,2026-05-28T15:25:15+03:00,2026-05-28T16:44:15+03:00
TICKET-10433,org_0002,Пропали графики по одной из виртуалок,"На дашборде по машине web-02 графики пустые с прошлой пятницы, по остальным всё есть. Агент версии 2.4.1, как и везде, переустанавливали. В логах агента ошибок нет, метрики он отправляет.",normal,"monitoring,compute",,,2026-05-28T17:11:28+03:00,2026-05-28T17:11:28+03:00
TICKET-10437,org_0029,Presigned URLs stop working after ~5 minutes despite 24h expiry,We generate presigned GET links with an expiry of 86400 seconds (example: https://storage.example.com/media/report.pdf?X-Amz-Signature=8f3b2c1d9e0a4b6c7d&X-Amz-Expires=86400). They work initially and then start returning SignatureDoesNotMatch after a few minutes. Our servers are NTP-synced (drift < 50 ms). Region endpoint is storage.example.com. This started after we moved to the new endpoint hostname.,normal,"object-storage,auth",presigned,escalated,2026-05-28T16:50:46+01:00,2026-06-03T03:38:46+01:00
TICKET-10440,org_0019,Внутренний DNS не резолвит имена виртуалок,"Раньше можно было обратиться к машине по имени app-01.internal, теперь только по IP — резолв не отрабатывает ни с одной виртуалки в подсети. Ничего не меняли. Проверял с помощью dig @169.254.169.254, ответ NXDOMAIN.",normal,"networking,dns",internal-dns,,2026-06-02T16:03:48+03:00,2026-06-03T11:14:48+03:00
TICKET-10441,org_0015,Security group changes take effect only after instance restart,We added a rule allowing 8080 from our office range. The rule shows as active but traffic is still dropped until we restart the instance. That is not what the documentation says. Reproduced twice on different instances.,normal,"networking,compute",security-group,,2026-06-03T15:45:04+03:00,2026-06-03T18:16:04+03:00
TICKET-10442,org_0001,После вчерашнего обновления пропала кнопка экспорта,"На странице отчётов была кнопка «Экспорт в CSV», после вчерашнего релиза её нет. Отчёты выгружаем каждую неделю для бухгалтерии.",normal,,,,2026-06-04T10:44:13+03:00,2026-06-04T19:31:13+03:00
TICKET-10448,org_0006,После включения IP-allowlist потеряли доступ к API,"Включили ограничение по IP для организации, добавили наши адреса. Теперь из офиса всё работает, но CI-раннеры получают
403 Forbidden: ip_not_allowed
у них динамические адреса. Есть ли способ сделать исключение для сервисного аккаунта или привязать allowlist к конкретному ключу, а не ко всей организации?",high,"access-control,api-gateway,auth",allowlist,,2026-06-04T11:59:19+03:00,2026-06-05T12:43:19+03:00
TICKET-10449,org_0005,Не работает фильтр по уровню логов,"Фильтр level=ERROR в интерфейсе возвращает в том числе INFO-строки. Похоже, поиск идёт по подстроке во всём документе, а не по полю. Если так, то как правильно искать именно по полю?",normal,"logging,console-ui",поиск,,2026-06-06T16:59:23+03:00,2026-06-06T17:11:23+03:00
TICKET-10450,org_0001,Счёт за поддержку выставлен дважды,"В счетах за май и июнь одна и та же строка ""Расширенная поддержка, разовая настройка"". Услуга была разовая, оказана один раз в мае. Просим убрать из июньского счёта.",normal,Billing,документы,,2026-06-10T07:00:43+03:00,2026-06-22T16:00:43+03:00
TICKET-10451,org_0002,  Не работает выгрузка отчётов в бакет по расписанию  ,"Настроенная выгрузка отчётов в бакет reports-daily перестала работать 6 числа. В логах задачи: ""NoSuchBucket: The specified bucket does not exist"". Бакет существует, я его вижу в консоли. Единственное — мы недавно переименовали проект, может это связано.",normal,"object-storage, backups",расписание,,2026-06-10T14:45:35+03:00,2026-06-10T18:44:35+03:00
TICKET-10452,org_0022,Как увеличить лимит на размер сообщения в очереди,Сейчас брокер режет сообщения больше 256 КБ. Нам иногда нужно передавать до 1 МБ. Есть ли настройка на уровне очереди или это жёсткий лимит платформы?,normal,message-queue,вопрос,,2026-06-18T11:27:13+07:00,2026-06-20T14:33:13+07:00
TICKET-10454,org_0040,Metric retention differs from what the pricing page says,The pricing page says 13 months of metrics at 5-minute resolution. Our oldest visible data point is 92 days old. Either the retention was changed or the page is out of date; we planned capacity reporting around the longer window.,normal,"monitoring,billing",retention,,2026-06-18T18:20:56+00:00,2026-06-20T21:09:56+00:00
TICKET-10455,org_0011,Нужны закрывающие документы за июнь,"Добрый день! Пришлите, пожалуйста, акт и счёт-фактуру за июнь 2026 на ООО «Ромашка-Сервис», ИНН 7700000001. В личном кабинете в разделе Документы за июнь пусто, за май всё есть. Бухгалтерия ждёт для закрытия квартала.",normal,"billing,console-ui",документы,,2026-06-20T09:17:01+03:00,2026-06-20T09:17:01+03:00
TICKET-10456,org_0009,Вопрос по обновлению версии PostgreSQL,"Сейчас у нас 14-я версия, хотим на 16-ю. Есть ли обновление на месте без пересоздания инстанса, сколько примерно занимает простой и можно ли откатиться из снапшота, если что-то пойдёт не так?",normal,"managed-postgres,backups",upgrade;вопрос,,2026-06-23T09:14:32+03:00,2026-07-13T16:14:32+03:00
TICKET-10461,org_0005,Виртуалки в зоне b недоступны по сети,"С 16:10 не пингуются все наши машины в зоне ru-central-b, в зоне a всё нормально. Консоль показывает их как Running. Через серийную консоль машина жива, наружу трафик не ходит.",urgent,"networking,compute",зона;сеть,escalated,2026-06-23T16:12:00+03:00,2026-06-29T02:37:00+03:00
TICKET-10462,org_0032,Massive packet loss between availability zones,Starting around 13:10 UTC we see 30-60% packet loss between our services in zone b and everything else. Within zone b traffic is fine. Our database replicas are in zone b so writes are timing out. Please advise whether to fail over.,urgent,"networking,managed-postgres",packet-loss,escalated;vip,2026-06-23T14:21:00+01:00,2026-06-29T09:12:00+01:00
TICKET-10465,org_0004,Балансировщик выкинул все бэкенды из зоны b,"Балансировщик пометил все машины в зоне b как unhealthy, весь трафик ушёл на две машины в зоне a, они не тянут, отдают 503. Сами машины живы. Похоже на сетевую проблему у вас. Если нужно — созвон, мой мобильный +7 900 000-51-77 (Виктор Сажин).",high,"networking,compute",,escalated,2026-06-23T16:28:00+03:00,2026-06-26T00:10:00+03:00
TICKET-10469,org_0013,Таймауты при обращении к базе из приложения,Приложение в зоне a не может достучаться до managed-postgres в зоне b: connection timeout expired. Прямо перед этим были короткие подвисания. Началось в 16:10-16:15 по Москве.,high,"networking,managed-postgres",timeout,,2026-06-23T16:34:00+03:00,2026-06-23T16:52:00+03:00
TICKET-10470,org_0035,Zone b instances unreachable — incident?,"All six of our instances in zone b stopped responding at 13:10 UTC. Console shows them running and the serial console works, so it looks like a network-layer problem on your side. Confirming would save us from rebuilding them.",high,"networking,compute",,,2026-06-23T14:41:00+01:00,2026-06-23T17:06:00+01:00
TICKET-10471,org_0008,"Кэш недоступен, приложение деградировало","Managed Redis в зоне b перестал отвечать, приложение ушло в режим без кэша и сильно замедлилось. Инстанс в консоли зелёный. Подозреваю ту же сетевую аварию, о которой уже пишут коллеги.",normal,"managed-redis,networking",,,2026-06-23T16:49:00+03:00,2026-06-25T15:45:00+03:00
TICKET-10472,org_0022,Можно ли перенести ресурсы из зоны b в другую зону прямо сейчас,"На фоне сегодняшней аварии хотим срочно перенести часть машин в зону a. Подскажите быстрый способ — через снапшот или есть что-то оперативнее? И не будет ли перегружена зона a, если все побегут туда одновременно?",normal,"compute,networking",миграция,,2026-06-23T21:02:00+07:00,2026-06-23T21:02:00+07:00
TICKET-10473,org_0004,Нельзя привязать вторую карту,"На странице оплаты можно добавить только одну карту. Хотим резервную, чтобы неуспешное списание не приводило к приостановке услуг. Через API это возможно, если в интерфейсе нет?",normal,,,,2026-06-24T08:16:31+03:00,2026-06-24T09:50:31+03:00
TICKET-10475,org_0005,Нужен официальный ответ по аварии 23 июня,"Просим прислать официальное подтверждение недоступности зоны ru-central-b 23 июня с 16:10 до 17:40 и причины. Наш заказчик требует объяснительную, ссылки на ваш телеграм-канал ему недостаточно.",normal,networking,rca,,2026-06-24T10:30:00+03:00,2026-06-24T14:15:00+03:00
TICKET-10476,org_0022,Не отображается размер бакета в консоли,"У бакета media-prod в списке в колонке «Размер» стоит прочерк, у остальных бакетов размер показывается. Бакет большой, около 30 ТБ, возможно из-за этого не считается.",normal,"console-ui,object-storage,object-storage",,,2026-06-25T15:57:26+07:00,2026-06-25T15:57:26+07:00
TICKET-10477,org_0033,Structured JSON logs are stored as a single text field,"We emit JSON to stdout, but in the log viewer the whole line is one ""message"" string, so we cannot filter by our own fields. Is there a setting to enable JSON parsing at ingest, or a required field naming convention?",normal,logging,json,,2026-06-25T19:01:03+00:00,2026-06-26T13:08:03+00:00
TICKET-10478,org_0002,Ошибка AccessDenied при доступе к публичному бакету,"Сделали бакет публичным через политику, но GET по прямой ссылке отдаёт AccessDenied. Политику приложу, она копия примера из вашей документации, поменяли только имя бакета. Через консоль файл открывается.",normal,"object-storage,access-control",policy,,2026-06-26T08:01:47+03:00,2026-06-26T09:40:47+03:00
TICKET-10484,org_0033,Password policy rejects passwords generated by 1Password,"Our generated passwords contain characters like ~ and ^ and the form rejects them with ""password contains invalid characters"". The help text says any printable character is allowed. Either the help text or the validator is wrong; please align them.",normal,"auth,console-ui",,,2026-06-26T15:12:16+00:00,2026-06-27T07:19:16+00:00
TICKET-10485,org_0002,"Вебхуки перестали доставляться после того, как наш эндпоинт полежал 10 минут","У нас была короткая недоступность приёмника, после восстановления вебхуки не возобновились — в консоли интеграция помечена как disabled. Пришлось включать руками, и события за это время потерялись. Есть ли ретраи и можно ли переотправить пропущенные события за период?",high,"integrations,notifications",webhook;retry,,2026-06-29T13:48:56+03:00,2026-06-29T16:24:56+03:00
TICKET-10486,org_0003,Ошибка при оплате: payment_intent_failed,"При оплате из личного кабинета всплывает ошибка:
payment failed: payment_intent_failed (code: card_declined, decline_code: do_not_honor)
Банк подтверждает, что лимитов нет и операция до них не доходила. Карта рабочая, ей же платим в других сервисах. Что можно сделать со своей стороны?",normal,billing,,,2026-06-30T12:44:02+03:00,2026-06-30T13:51:02+03:00
TICKET-10487,org_0018,Интеграция с Jira создаёт задачи без описания,"Задачи в Jira создаются, но поле Description пустое, хотя в тикете текст есть. В маппинге полей description сопоставлен с description. Если в тексте есть кириллица — точно пусто, на латинице иногда доходит. Похоже на проблему с кодировкой.",normal,"integrations,console-ui",jira,,2026-07-01T09:25:10+03:00,2026-07-01T12:14:10+03:00
TICKET-10488,org_0030,Terraform provider always shows a diff on tags,"Every plan wants to change tags from {""env"":""prod""} to {""env"":""prod""} — identical content, different ordering. Provider 1.9.0. It makes our CI noisy and blocks the ""no changes"" gate we use before deploys.",normal,terraform-provider,terraform;diff,,2026-07-01T09:48:38+00:00,2026-07-01T09:48:38+00:00
TICKET-10489,org_0007,После масштабирования кластера потерялись данные в кэше,"Увеличили размер managed-redis с 2 до 8 ГБ, операция прошла успешно, но кэш оказался пустым — все ключи потерялись. Для нас это привело к волне запросов в базу и деградации на 20 минут. В документации про очистку при масштабировании ничего нет.",high,"managed-redis,managed-postgres",scaling,escalated,2026-07-01T14:58:21+03:00,2026-07-05T02:43:21+03:00
TICKET-10490,org_0013,Support portal logs me out when I switch organisations,"Switching between our two organisations in the org picker logs me out completely instead of switching context. Happens in Chrome and Firefox, both with SSO and with a local account.",normal,"console-ui, auth",,,2026-07-01T17:34:13+03:00,2026-07-09T20:34:13+03:00
TICKET-10491,org_0041,Storage metrics in the console lag by about a day,"The storage usage chart shows data up to yesterday only, so after a large cleanup we cannot verify the effect until the next day. The billing page seems to use a different, more recent number, which is confusing.",normal,"object-storage,monitoring,console-ui",metrics,,2026-07-01T21:14:14+03:00,2026-07-02T01:09:14+03:00
TICKET-10493,org_0012,Как настроить жизненный цикл объектов,"Хотим, чтобы файлы в бакете logs-raw автоматически удалялись через 30 дней, а в logs-archive переезжали в холодный класс через 90. В консоли нашёл только удаление. Через API правила жизненного цикла поддерживаются?",normal,"object-storage,api-gateway",lifecycle;вопрос,,2026-07-02T14:25:37+03:00,2026-07-04T15:05:37+03:00
TICKET-10494,org_0011,Нужны закрывающие документы за июль,"Добрый день! Пришлите, пожалуйста, акт и счёт-фактуру за июль 2026 на ООО «Ромашка-Сервис», ИНН 7700000001. В личном кабинете в разделе Документы за июль пусто, за май всё есть. Бухгалтерия ждёт для закрытия квартала.",normal,"billing,console-ui",документы,reopened,2026-07-05T05:19:01+03:00,2026-07-10T23:19:01+03:00
TICKET-10495,org_0002,Redis отдаёт LOADING Redis is loading the dataset in memory,"После перезапуска инстанса кэша клиенты минут пятнадцать получают LOADING Redis is loading the dataset in memory. Дамп у нас большой, около 6 ГБ. Можно ли как-то прогревать реплику заранее или отключить персистентность, чтобы стартовал быстро?",normal,managed-redis,,,2026-07-07T10:27:47+03:00,2026-07-07T10:56:47+03:00
TICKET-10496,org_0019,Не создаётся инстанс: quota exceeded,"При создании четвёртой виртуалки получаем ""quota exceeded: vcpu"". По тарифу должно быть доступно 32 vCPU, у нас занято 12. Возможно, квота считает и удалённые машины? Проект dev-sandbox.",normal,"compute,subscriptions",квоты,,2026-07-07T14:41:55+03:00,2026-07-09T14:04:55+03:00
TICKET-10497,org_0029,Cannot create an extension: permission denied,"CREATE EXTENSION pg_trgm fails with ""permission denied to create extension"". Our user is the owner of the database but not superuser, which I understand. Which extensions are allowed on managed instances, and how do we request one that is not in the list?   ",normal,"managed-postgres,access-control",extensions,,2026-07-09T13:42:29+01:00,2026-07-20T18:42:29+01:00
TICKET-10498,org_0029,OOM killer terminating our process on a 4 GB instance,"dmesg shows: Out of memory: Killed process 1183 (java) total-vm:5620112kB. The instance is advertised as 4 GB and our JVM heap is 2 GB, so this is plausible, but the console memory graph never went above 60%. Is the graph sampling too coarsely to catch a spike?",normal,"compute,monitoring",oom,,2026-07-09T19:40:14+01:00,2026-07-09T22:13:14+01:00
TICKET-10499,org_0004,[ALERT] cpu_usage > 90% for 15m on app-prod-01,"Alert: cpu_usage
Severity: critical
Resource: app-prod-01 (i-31a9cd)
Current value: 96.4%
Threshold: > 90% for 15m
Fired at: 2026-02-11T03:14:02Z
Rule: rule_7712
Runbook: https://docs.example.com/runbooks/high-cpu
--
This ticket was created automatically by the monitoring integration. Do not reply to this message; replies to this address are not read. To acknowledge the alert, open the monitoring section of the console and press Acknowledge on the alert card. To stop receiving tickets for this rule, change the rule notification channel from ""Create support ticket"" to ""Email"" or ""Webhook"". If the alert is a false positive, adjust the threshold in the rule editor instead of muting the rule permanently. Alert history for this rule is available in the console for 90 days.",high,"monitoring,compute",auto;alert,,2026-07-15T11:31:19+03:00,2026-07-29T20:31:19+03:00
TICKET-10506,org_0036,Audit log does not show who changed a member's role,"The audit log records ""member updated"" but not the actor and not the old/new role. We had a permissions change last week that nobody admits to, and there is no way to trace it. Is a more detailed audit event available via the API even if the UI does not show it?",normal,"access-control,logging,api-gateway",audit,,2026-07-15T16:52:42+00:00,2026-08-04T20:52:42+00:00
TICKET-10507,org_0004,CDN 404s for files that exist in the origin bucket,Roughly 2% of requests to cdn.example.com return 404 while the object is definitely present in the origin bucket (verified with a direct GET). Retrying the same URL usually succeeds. Started after we enabled origin shielding.,normal,"cdn,object-storage",,,2026-07-17T20:08:42+03:00,2026-07-17T23:22:42+03:00
TICKET-10508,org_0030,Breaking change in API response without a version bump,"Since yesterday the field ""created"" in /v1/instances is returned as an ISO string instead of a unix timestamp. We pin ?api-version=2025-10 exactly to avoid this. Our parser broke in production at 08:15 UTC. Please confirm whether this was intentional and whether the old behaviour can be restored.",high,api-gateway,breaking-change,escalated;vip,2026-07-22T20:03:08+00:00,2026-07-26T09:26:08+00:00
TICKET-10509,org_0013,СРОЧНО!!! ВЕСЬ ОТДЕЛ НЕ МОЖЕТ ЗАЙТИ В ЛИЧНЫЙ КАБИНЕТ,"с 9 утра вся бухгалтерия, 11 человек, не может залогиниться. крутится колесо секунд двадцать и выкидывает обратно на форму входа. у нас закрытие месяца, каждый час простоя это деньги. телефон для связи +7 900 000-11-22, Сергей Т.",urgent,"auth,console-ui",,escalated,2026-07-27T16:30:00+03:00,2026-08-12T03:30:00+03:00
TICKET-10510,org_0011,Счёт выставлен на неверное юрлицо,"В счёте за сентябрь указано ООО «Ромашка», а договор у нас на ООО «Ромашка-Сервис». Бухгалтерия такой счёт не проведёт. Реквизиты в кабинете правильные, я проверял. Нужен перевыставленный счёт, желательно сегодня, иначе уйдём за срок оплаты.",high,"billing,console-ui",документы;реквизиты,,2026-07-29T03:00:00+03:00,2026-07-30T05:16:00+03:00
TICKET-10514,org_0001,"Списание за тестовый проект, который мы не создавали","В детализации появился проект sandbox-77 с расходами 12 400 ₽ за месяц. Ни у кого из команды нет информации об этом проекте, ресурсы в нём — три виртуалки. Ключ доступа мы на всякий случай отозвали. Нужно понять, кто и когда его создал.",high,"billing,compute,access-control,logging",,escalated,2026-07-30T14:58:52+03:00,2026-08-05T05:44:52+03:00
TICKET-10515,org_0011,Опять нет закрывающих за август,"Ситуация повторяется третий месяц подряд: оплата прошла, документов в кабинете нет. Пришлите акт и счёт-фактуру за август на ООО «Ромашка-Сервис», ИНН 7700000001. Ответственный бухгалтер — Ольга, olga.b@example.ru, если нужно что-то уточнить.",normal,"billing,console-ui",документы,reopened,2026-08-01T04:33:01+03:00,2026-08-06T05:46:01+03:00
TICKET-10516,org_0026,Terraform-провайдер падает при импорте существующих ресурсов,"terraform import для бакета завершается паникой провайдера:
panic: interface conversion: interface {} is nil, not map[string]interface{}
Версия провайдера 1.8.2, terraform 1.9.5. На создании новых ресурсов всё работает. Готовы прислать полный лог с TF_LOG=DEBUG.",normal,"terraform-provider,object-storage",terraform;panic,,2026-08-03T11:20:46+03:00,2026-08-03T14:42:46+03:00
TICKET-10518,org_0027,Ошибка SlowDown при массовой загрузке,"При параллельной заливке в 64 потока начинаем получать
503 SlowDown: Please reduce your request rate
примерно после 2000 объектов. Снизили до 16 потоков — стало лучше, но заливка идёт вдвое дольше. Есть ли рекомендации по префиксам ключей, чтобы нагрузка шардировалась?",normal,"object-storage,api-gateway",throttling,,2026-08-03T16:49:59+03:00,2026-08-03T17:22:59+03:00
TICKET-10519,org_0005,Не загружаются файлы больше 100 МБ,"С утра при загрузке файлов больше примерно 100 МБ в бакет media-prod клиент отваливается по таймауту, маленькие файлы грузятся нормально. Пробовали и через веб-интерфейс, и через s3cmd. Ошибка: RequestTimeout, we did not receive a complete request body. У нас на этом стоит загрузка видео от пользователей.",high,"object-storage,console-ui",upload;timeout,,2026-08-04T17:37:46+03:00,2026-08-04T17:37:46+03:00
TICKET-10520,org_0029,Multipart uploads left in an incomplete state are billed,We found ~4 TB of incomplete multipart uploads from a job that crashed in February. They do not show in the object list but they are on the invoice. Please advise how to abort them in bulk — the console does not seem to expose them at all.,normal,"object-storage,billing,console-ui",multipart,,2026-08-04T16:49:44+01:00,2026-08-06T02:44:44+01:00
TICKET-10521,org_0007,[ALERT] replication_lag_seconds > 300 on pg-prod-1-replica,"Alert: replication_lag_seconds
Severity: critical
Resource: pg-prod-1-replica
Current value: 1841
Threshold: > 300
Fired at: 2026-07-08T18:05:00Z
Rule: rule_8391
Runbook: https://docs.example.com/runbooks/replication-lag
--
This ticket was created automatically by the monitoring integration. Do not reply to this message; replies to this address are not read. To acknowledge the alert, open the monitoring section of the console and press Acknowledge on the alert card. To stop receiving tickets for this rule, change the rule notification channel from ""Create support ticket"" to ""Email"" or ""Webhook"". If the alert is a false positive, adjust the threshold in the rule editor instead of muting the rule permanently. Alert history for this rule is available in the console for 90 days.",high,"monitoring,managed-postgres",auto;alert,,2026-08-04T21:26:40+03:00,2026-08-05T21:23:40+03:00
TICKET-10522,org_0030,Instance metrics missing for a 3-hour window,CPU and network graphs for i-1188ab are flat/empty between 01:00 and 04:00 UTC yesterday. The instance was up the whole time (uptime confirms it). We are investigating an incident from that window and the gap is unhelpful.,normal,"monitoring,compute",gap,,2026-08-07T05:24:26+00:00,2026-08-07T06:04:26+00:00
